Company_id,Date,Open,High,Low,Close,Volume
1,2019-03-18,46.450001,47.0975,46.447498,47.005001,104879200
1,2019-03-19,47.087502,47.247501,46.48,46.6325,126585600
1,2019-03-20,46.557499,47.372501,46.182499,47.040001,124140800
1,2019-03-21,47.505001,49.0825,47.452499,48.772499,204136800
1,2019-03-22,48.834999,49.422501,47.695,47.762501,169630800
1,2019-03-25,47.877499,47.994999,46.650002,47.185001,175381200
1,2019-03-26,47.915001,48.220001,46.145,46.697498,199202000
1,2019-03-27,47.1875,47.439999,46.637501,47.1175,119393600
1,2019-03-28,47.237499,47.389999,46.8825,47.18,83121600
1,2019-03-29,47.4575,47.52,47.134998,47.487499,94256000
1,2019-04-01,47.91,47.919998,47.095001,47.810001,111448000
1,2019-04-02,47.772499,48.615002,47.762501,48.505001,91062800
1,2019-04-03,48.3125,49.125,48.287498,48.837502,93087200
1,2019-04-04,48.697498,49.092499,48.285,48.922501,76457200
1,2019-04-05,49.112499,49.275002,48.982498,49.25,74106400
1,2019-04-08,49.105,50.057499,49.084999,50.025002,103526800
1,2019-04-09,50.080002,50.712502,49.807499,49.875,143072800
1,2019-04-10,49.669998,50.185001,49.544998,50.154999,86781200
1,2019-04-11,50.212502,50.25,49.610001,49.737499,83603200
1,2019-04-12,49.799999,50.035,49.052502,49.717499,111042800
1,2019-04-15,49.645,49.962502,49.502499,49.807499,70146400
1,2019-04-16,49.865002,50.342499,49.639999,49.8125,102785600
1,2019-04-17,49.884998,50.845001,49.6525,50.782501,115627200
1,2019-04-18,50.779999,51.037498,50.630001,50.965,96783200
1,2019-04-22,50.7075,51.235001,50.584999,51.1325,77758000
1,2019-04-23,51.107498,51.9375,50.974998,51.869999,93292000
1,2019-04-24,51.84,52.119999,51.762501,51.790001,70162400
1,2019-04-25,51.7075,51.939999,51.279999,51.32,74172800
1,2019-04-26,51.224998,51.25,50.529999,51.075001,74596400
1,2019-04-29,51.099998,51.4925,50.965,51.1525,88818800
1,2019-04-30,50.764999,50.849998,49.7775,50.1675,186139600
1,2019-05-01,52.470001,53.827499,52.307499,52.630001,259309200
1,2019-05-02,52.459999,53.162498,52.032501,52.287498,127985200
1,2019-05-03,52.7225,52.959999,52.557499,52.9375,83569600
1,2019-05-06,51.072498,52.209999,50.875,52.119999,129772400
1,2019-05-07,51.470001,51.855,50.2075,50.715,155054800
1,2019-05-08,50.474998,51.334999,50.4375,50.724998,105358000
1,2019-05-09,50.099998,50.419998,49.165001,50.18,139634400
1,2019-05-10,49.355,49.712502,48.192501,49.294998,164834800
1,2019-05-13,46.927502,47.369999,45.712502,46.43,229722400
1,2019-05-14,46.602501,47.424999,46.352501,47.165001,146118800
1,2019-05-15,46.567501,47.9375,46.505001,47.73,106178800
1,2019-05-16,47.477501,48.1175,47.209999,47.52,132125600
1,2019-05-17,46.732498,47.724998,46.689999,47.25,131516400
1,2019-05-20,45.880001,46.087502,45.07,45.772499,154449200
1,2019-05-21,46.305,47,46.174999,46.650002,113459200
1,2019-05-22,46.165001,46.427502,45.637501,45.695,118994400
1,2019-05-23,44.950001,45.134998,44.452499,44.915001,146118800
1,2019-05-24,45.049999,45.535,44.654999,44.7425,94858800
1,2019-05-28,44.73,45.147499,44.477501,44.557499,111792800
1,2019-05-29,44.105,44.837502,44,44.345001,113924800
1,2019-05-30,44.487499,44.807499,44.1675,44.575001,84873600
1,2019-05-31,44.057499,44.497501,43.747501,43.767502,108174400
1,2019-06-03,43.900002,44.48,42.567501,43.325001,161584400
1,2019-06-04,43.860001,44.9575,43.630001,44.91,123872000
1,2019-06-05,46.07,46.247501,45.285,45.634998,119093600
1,2019-06-06,45.77,46.3675,45.537498,46.305,90105200
1,2019-06-07,46.627499,47.98,46.442501,47.537498,122737600
1,2019-06-10,47.952499,48.842499,47.904999,48.145,104883600
1,2019-06-11,48.715,49,48.400002,48.702499,107731600
1,2019-06-12,48.487499,48.9925,48.3475,48.547501,73012800
1,2019-06-13,48.674999,49.197498,48.400002,48.537498,86698400
1,2019-06-14,47.887501,48.397499,47.575001,48.185001,75046000
1,2019-06-17,48.224998,48.740002,48.0425,48.4725,58676400
1,2019-06-18,49.012501,50.072498,48.802502,49.612499,106204000
1,2019-06-19,49.919998,49.970001,49.327499,49.467499,84496800
1,2019-06-20,50.092499,50.1525,49.5075,49.865002,86056000
1,2019-06-21,49.700001,50.212502,49.537498,49.695,191202400
1,2019-06-24,49.634998,50.040001,49.5425,49.645,72881600
1,2019-06-25,49.607498,49.814999,48.822498,48.892502,84281200
1,2019-06-26,49.442501,50.247501,49.337502,49.950001,104270000
1,2019-06-27,50.072498,50.392502,49.892502,49.935001,83598800
1,2019-06-28,49.669998,49.875,49.262501,49.48,124442400
1,2019-07-01,50.7925,51.122501,50.162498,50.387501,109012000
1,2019-07-02,50.352501,50.782501,50.34,50.682499,67740800
1,2019-07-03,50.82,51.110001,50.672501,51.102501,45448000
1,2019-07-05,50.837502,51.27,50.724998,51.057499,69062000
1,2019-07-08,50.202499,50.349998,49.602501,50.005001,101354400
1,2019-07-09,49.799999,50.377499,49.702499,50.310001,82312000
1,2019-07-10,50.462502,50.932499,50.389999,50.807499,71588400
1,2019-07-11,50.827499,51.0975,50.427502,50.4375,80767200
1,2019-07-12,50.612499,51,50.549999,50.825001,70380800
1,2019-07-15,51.022499,51.467499,51,51.302502,67789600
1,2019-07-16,51.147499,51.5275,50.875,51.125,67467200
1,2019-07-17,51.012501,51.272499,50.817501,50.837502,56430000
1,2019-07-18,51,51.470001,50.924999,51.415001,74162400
1,2019-07-19,51.447498,51.625,50.59,50.647499,83717200
1,2019-07-22,50.912498,51.807499,50.9025,51.805,89111600
1,2019-07-23,52.115002,52.227501,51.822498,52.209999,73420800
1,2019-07-24,51.9175,52.287498,51.7925,52.1675,59966400
1,2019-07-25,52.2225,52.310001,51.682499,51.755001,55638400
1,2019-07-26,51.869999,52.432499,51.785,51.935001,70475600
1,2019-07-29,52.115002,52.66,52.110001,52.419998,86693600
1,2019-07-30,52.189999,52.540001,51.827499,52.195,135742800
1,2019-07-31,54.105,55.342499,52.825001,53.259998,277125600
1,2019-08-01,53.474998,54.5075,51.685001,52.107498,216071600
1,2019-08-02,51.3825,51.607498,50.407501,51.005001,163448400
1,2019-08-05,49.497501,49.662498,48.145,48.334999,209572000
1,2019-08-06,49.077499,49.517502,48.509998,49.25,143299200
1,2019-08-07,48.852501,49.889999,48.455002,49.759998,133457600
1,2019-08-08,50.049999,50.8825,49.8475,50.857498,108038000
1,2019-08-09,50.325001,50.689999,49.822498,50.247501,98478800
1,2019-08-12,49.904999,50.512501,49.787498,50.119999,89927600
1,2019-08-13,50.255001,53.035,50.119999,52.2425,188874000
1,2019-08-14,50.790001,51.610001,50.647499,50.6875,146189600
1,2019-08-15,50.865002,51.285,49.9175,50.435001,108909600
1,2019-08-16,51.07,51.790001,50.959999,51.625,110481600
1,2019-08-19,52.654999,53.182499,52.5075,52.587502,97654400
1,2019-08-20,52.720001,53.337502,52.580002,52.59,107537200
1,2019-08-21,53.247501,53.412498,52.900002,53.16,86141600
1,2019-08-22,53.297501,53.610001,52.6875,53.115002,89014800
1,2019-08-23,52.357498,53.012501,50.25,50.66,187272000
1,2019-08-26,51.465,51.797501,51.264999,51.622501,104174400
1,2019-08-27,51.965,52.137501,50.8825,51.040001,103493200
1,2019-08-28,51.025002,51.43,50.830002,51.3825,63755200
1,2019-08-29,52.125,52.330002,51.665001,52.252499,83962000
1,2019-08-30,52.540001,52.612499,51.799999,52.185001,84573600
1,2019-09-03,51.607498,51.744999,51.055,51.424999,80092000
1,2019-09-04,52.0975,52.369999,51.830002,52.297501,76752400
1,2019-09-05,53,53.4925,52.877499,53.32,95654800
1,2019-09-06,53.512501,53.605,53.127499,53.314999,77449200
1,2019-09-09,53.709999,54.110001,52.767502,53.5425,109237600
1,2019-09-10,53.465,54.195,52.927502,54.174999,127111600
1,2019-09-11,54.517502,55.927502,54.432499,55.897499,177158400
1,2019-09-12,56.200001,56.605,55.715,55.772499,128906800
1,2019-09-13,55,55.197498,54.255001,54.6875,159053200
1,2019-09-16,54.432499,55.032501,54.389999,54.974998,84632400
1,2019-09-17,54.990002,55.205002,54.779999,55.174999,73274800
1,2019-09-18,55.264999,55.712502,54.860001,55.692501,101360000
1,2019-09-19,55.502499,55.939999,55.092499,55.240002,88242400
1,2019-09-20,55.345001,55.639999,54.3675,54.432499,221652400
1,2019-09-23,54.737499,54.959999,54.412498,54.68,76662000
1,2019-09-24,55.2575,55.622501,54.297501,54.419998,124763200
1,2019-09-25,54.637501,55.375,54.285,55.2575,87613600
1,2019-09-26,55,55.235001,54.7075,54.9725,75334000
1,2019-09-27,55.134998,55.240002,54.32,54.705002,101408000
1,2019-09-30,55.224998,56.145,55.197498,55.9925,103909600
1,2019-10-01,56.267502,57.055,56.049999,56.147499,139223200
1,2019-10-02,55.764999,55.895,54.482498,54.740002,138449200
1,2019-10-03,54.607498,55.240002,53.782501,55.205002,114426000
1,2019-10-04,56.41,56.872501,55.9725,56.752499,138478800
1,2019-10-07,56.567501,57.482498,56.459999,56.764999,122306000
1,2019-10-08,56.455002,57.014999,56.0825,56.099998,111820000
1,2019-10-09,56.7575,56.947498,56.41,56.7575,74770400
1,2019-10-10,56.982498,57.610001,56.825001,57.522499,113013600
1,2019-10-11,58.237499,59.41,58.077499,59.052502,166795600
1,2019-10-14,58.724998,59.532501,58.6675,58.967499,96427600
1,2019-10-15,59.0975,59.412498,58.720001,58.830002,87360000
1,2019-10-16,58.342499,58.810001,58.299999,58.592499,73903200
1,2019-10-17,58.772499,59.037498,58.380001,58.82,67585200
1,2019-10-18,58.647499,59.395,58.572498,59.102501,97433600
1,2019-10-21,59.380001,60.247501,59.330002,60.127499,87247200
1,2019-10-22,60.290001,60.549999,59.904999,59.990002,82293600
1,2019-10-23,60.525002,60.810001,60.305,60.794998,75828800
1,2019-10-24,61.127499,61.200001,60.452499,60.895,69275200
1,2019-10-25,60.790001,61.682499,60.720001,61.645,73477200
1,2019-10-28,61.855,62.3125,61.68,62.262501,96572800
1,2019-10-29,62.2425,62.4375,60.642502,60.822498,142839600
1,2019-10-30,61.189999,61.325001,60.302502,60.814999,124522000
1,2019-10-31,61.810001,62.2925,59.314999,62.189999,139162000
1,2019-11-01,62.384998,63.982498,62.290001,63.955002,151125200
1,2019-11-04,64.332497,64.462502,63.845001,64.375,103272000
1,2019-11-05,64.262497,64.547501,64.080002,64.282501,79897600
1,2019-11-06,64.192497,64.372498,63.842499,64.309998,75864400
1,2019-11-07,64.684998,65.087502,64.527496,64.857498,94940400
1,2019-11-08,64.672501,65.110001,64.212502,65.035004,69986400
1,2019-11-11,64.574997,65.6175,64.57,65.550003,81821200
1,2019-11-12,65.387497,65.697502,65.230003,65.489998,87388800
1,2019-11-13,65.282501,66.195,65.267502,66.1175,102734400
1,2019-11-14,65.9375,66.220001,65.525002,65.660004,89182800
1,2019-11-15,65.919998,66.445,65.752502,66.440002,100206400
1,2019-11-18,66.449997,66.857498,66.057503,66.775002,86703200
1,2019-11-19,66.974998,67,66.347504,66.572502,76167200
1,2019-11-20,66.385002,66.519997,65.099998,65.797501,106234400
1,2019-11-21,65.922501,66.002502,65.294998,65.502502,121395200
1,2019-11-22,65.647499,65.794998,65.209999,65.445,65325200
1,2019-11-25,65.677498,66.610001,65.629997,66.592499,84020400
1,2019-11-26,66.735001,66.790001,65.625,66.072502,105207600
1,2019-11-27,66.394997,66.995003,66.327499,66.959999,65235600
1,2019-11-29,66.650002,67,66.474998,66.8125,46617600
1,2019-12-02,66.817497,67.0625,65.862503,66.040001,94487200
1,2019-12-03,64.577499,64.8825,64.072502,64.862503,114430400
1,2019-12-04,65.267502,65.827499,65.169998,65.434998,67181600
1,2019-12-05,65.947502,66.472504,65.682503,66.394997,74424400
1,2019-12-06,66.870003,67.75,66.824997,67.677498,106075600
1,2019-12-09,67.5,67.699997,66.227501,66.730003,128042400
1,2019-12-10,67.150002,67.517502,66.464996,67.120003,90420400
1,2019-12-11,67.202499,67.775002,67.125,67.692497,78756800
1,2019-12-12,66.945,68.139999,66.830002,67.864998,137310400
1,2019-12-13,67.864998,68.824997,67.732498,68.787498,133587600
1,2019-12-16,69.25,70.197502,69.245003,69.964996,128186000
1,2019-12-17,69.892502,70.442497,69.699997,70.102501,114158400
1,2019-12-18,69.949997,70.474998,69.779999,69.934998,116028400
1,2019-12-19,69.875,70.294998,69.737503,70.004997,98369200
1,2019-12-20,70.557503,70.662498,69.639999,69.860001,275978000
1,2019-12-23,70.1325,71.0625,70.092499,71,98572000
1,2019-12-24,71.172501,71.222504,70.730003,71.067497,48478800
1,2019-12-26,71.205002,72.495003,71.175003,72.477501,93121200
1,2019-12-27,72.779999,73.4925,72.029999,72.449997,146266000
1,2019-12-30,72.364998,73.172501,71.305,72.879997,144114400
1,2019-12-31,72.482498,73.419998,72.379997,73.412498,100805600
1,2020-01-02,74.059998,75.150002,73.797501,75.087502,135480400
1,2020-01-03,74.287498,75.144997,74.125,74.357498,146322800
1,2020-01-06,73.447502,74.989998,73.1875,74.949997,118387200
1,2020-01-07,74.959999,75.224998,74.370003,74.597504,108872000
1,2020-01-08,74.290001,76.110001,74.290001,75.797501,132079200
1,2020-01-09,76.809998,77.607498,76.550003,77.407501,170108400
1,2020-01-10,77.650002,78.167503,77.0625,77.582497,140644800
1,2020-01-13,77.910004,79.267502,77.787498,79.239998,121532000
1,2020-01-14,79.175003,79.392502,78.042503,78.169998,161954400
1,2020-01-15,77.962502,78.875,77.387497,77.834999,121923600
1,2020-01-16,78.397499,78.925003,78.022499,78.809998,108829200
1,2020-01-17,79.067497,79.684998,78.75,79.682503,137816400
1,2020-01-21,79.297501,79.754997,79,79.142502,110843200
1,2020-01-22,79.644997,79.997498,79.327499,79.425003,101832400
1,2020-01-23,79.480003,79.889999,78.912498,79.807503,104472000
1,2020-01-24,80.0625,80.832497,79.379997,79.577499,146537600
1,2020-01-27,77.514999,77.942497,76.220001,77.237503,161940000
1,2020-01-28,78.150002,79.599998,78.047501,79.422501,162234000
1,2020-01-29,81.112503,81.962502,80.345001,81.084999,216229200
1,2020-01-30,80.135002,81.022499,79.6875,80.967499,126743200
1,2020-01-31,80.232498,80.669998,77.072502,77.377502,199588400
1,2020-02-03,76.074997,78.372498,75.555,77.165001,173788400
1,2020-02-04,78.827499,79.910004,78.407501,79.712502,136616400
1,2020-02-05,80.879997,81.190002,79.737503,80.362503,118826800
1,2020-02-06,80.642502,81.305,80.065002,81.302498,105425600
1,2020-02-07,80.592499,80.849998,79.5,80.0075,117684000
1,2020-02-10,78.544998,80.387497,78.462502,80.387497,109348800
1,2020-02-11,80.900002,80.974998,79.677498,79.902496,94323200
1,2020-02-12,80.3675,81.805,80.3675,81.800003,113730400
1,2020-02-13,81.047501,81.555,80.837502,81.217499,94747600
1,2020-02-14,81.184998,81.495003,80.712502,81.237503,80113600
1,2020-02-18,78.839996,79.9375,78.652496,79.75,152531200
1,2020-02-19,80,81.142502,80,80.904999,93984000
1,2020-02-20,80.657501,81.162498,79.552498,80.074997,100566000
1,2020-02-21,79.654999,80.112503,77.625,78.262497,129554000
1,2020-02-24,74.315002,76.044998,72.307503,74.544998,222195200
1,2020-02-25,75.237503,75.6325,71.532501,72.019997,230673600
1,2020-02-26,71.6325,74.470001,71.625,73.162498,198054800
1,2020-02-27,70.275002,71.5,68.239998,68.379997,320605600
1,2020-02-28,64.315002,69.602501,64.092499,68.339996,426510000
1,2020-03-02,70.57,75.360001,69.43,74.702499,341397200
1,2020-03-03,75.917503,76,71.449997,72.330002,319475600
1,2020-03-04,74.110001,75.849998,73.282501,75.684998,219178400
1,2020-03-05,73.879997,74.887497,72.852501,73.230003,187572800
1,2020-03-06,70.5,72.705002,70.307503,72.2575,226176800
1,2020-03-09,65.9375,69.522499,65.75,66.542503,286744800
1,2020-03-10,69.285004,71.610001,67.342499,71.334999,285290000
1,2020-03-11,69.347504,70.305,67.964996,68.857498,255598800
1,2020-03-12,63.985001,67.5,62,62.057499,418474000
1,2020-03-13,66.222504,69.980003,63.237499,69.4925,370732000
1,2020-03-16,60.487499,64.769997,60,60.552502,322423600
1,2020-03-17,61.877499,64.402496,59.599998,63.215,324056000
1,2020-03-18,59.942501,62.5,59.279999,61.6675,300233600
1,2020-03-19,61.8475,63.209999,60.6525,61.195,271857200
1,2020-03-20,61.794998,62.9575,57,57.310001,401693200
1,2020-03-23,57.02,57.125,53.1525,56.092499,336752800
1,2020-03-24,59.09,61.922501,58.575001,61.720001,287531200
1,2020-03-25,62.6875,64.5625,61.075001,61.380001,303602000
1,2020-03-26,61.630001,64.669998,61.59,64.610001,252087200
1,2020-03-27,63.1875,63.967499,61.762501,61.935001,204216800
1,2020-03-30,62.685001,63.880001,62.349998,63.702499,167976400
1,2020-03-31,63.900002,65.622498,63,63.572498,197002000
1,2020-04-01,61.625,62.18,59.782501,60.227501,176218400
1,2020-04-02,60.084999,61.287498,59.224998,61.232498,165934000
1,2020-04-03,60.700001,61.424999,59.7425,60.352501,129880000
1,2020-04-06,62.724998,65.777496,62.345001,65.6175,201820400
1,2020-04-07,67.699997,67.925003,64.75,64.857498,202887200
1,2020-04-08,65.684998,66.842499,65.307503,66.517502,168895200
1,2020-04-09,67.175003,67.517502,66.175003,66.997498,161834800
1,2020-04-13,67.077499,68.425003,66.457497,68.3125,131022800
1,2020-04-14,70,72.0625,69.512497,71.762497,194994800
1,2020-04-15,70.599998,71.582497,70.157501,71.107498,131154400
1,2020-04-16,71.845001,72.050003,70.587502,71.672501,157125200
1,2020-04-17,71.172501,71.737503,69.214996,70.699997,215250000
1,2020-04-20,69.487503,70.419998,69.212502,69.232498,130015200
1,2020-04-21,69.07,69.3125,66.357498,67.092499,180991600
1,2020-04-22,68.402496,69.474998,68.050003,69.025002,116862400
1,2020-04-23,68.967499,70.4375,68.717499,68.7575,124814400
1,2020-04-24,69.300003,70.752502,69.25,70.7425,126161200
1,2020-04-27,70.449997,71.135002,69.987503,70.792503,117087600
1,2020-04-28,71.269997,71.457497,69.550003,69.644997,112004800
1,2020-04-29,71.182503,72.417503,70.972504,71.932503,137280800
1,2020-04-30,72.489998,73.6325,72.087502,73.449997,183064000
1,2020-05-01,71.5625,74.75,71.462502,72.267502,240616800
1,2020-05-04,72.292503,73.422501,71.580002,73.290001,133568000
1,2020-05-05,73.764999,75.25,73.614998,74.389999,147751200
1,2020-05-06,75.114998,75.809998,74.717499,75.157501,142333600
1,2020-05-07,75.805,76.292503,75.4925,75.934998,115215200
1,2020-05-08,76.410004,77.587502,76.072502,77.532501,133838400
1,2020-05-11,77.025002,79.262497,76.809998,78.752502,145946400
1,2020-05-12,79.457497,79.922501,77.727501,77.852501,162301200
1,2020-05-13,78.037498,78.987503,75.802498,76.912498,200622400
1,2020-05-14,76.127502,77.447502,75.3825,77.385002,158929200
1,2020-05-15,75.087502,76.974998,75.052498,76.927498,166348400
1,2020-05-18,78.292503,79.125,77.580002,78.739998,135178400
1,2020-05-19,78.7575,79.629997,78.252502,78.285004,101729600
1,2020-05-20,79.169998,79.879997,79.129997,79.807503,111504800
1,2020-05-21,79.665001,80.222504,78.967499,79.212502,102688800
1,2020-05-22,78.942497,79.807503,78.837502,79.722504,81803200
1,2020-05-26,80.875,81.059998,79.125,79.182503,125522000
1,2020-05-27,79.035004,79.677498,78.272499,79.527496,112945200
1,2020-05-28,79.192497,80.860001,78.907501,79.5625,133560800
1,2020-05-29,79.8125,80.287498,79.1175,79.485001,153532400
1,2020-06-01,79.4375,80.587502,79.302498,80.462502,80791200
1,2020-06-02,80.1875,80.860001,79.732498,80.834999,87642800
1,2020-06-03,81.165001,81.550003,80.574997,81.279999,104491200
1,2020-06-04,81.097504,81.404999,80.195,80.580002,87560400
1,2020-06-05,80.837502,82.9375,80.807503,82.875,137250400
1,2020-06-08,82.5625,83.400002,81.830002,83.364998,95654400
1,2020-06-09,83.035004,86.402496,83.002502,85.997498,147712400
1,2020-06-10,86.974998,88.692497,86.522499,88.209999,166651600
1,2020-06-11,87.327499,87.764999,83.870003,83.974998,201662400
1,2020-06-12,86.18,86.949997,83.555,84.699997,200146000
1,2020-06-15,83.3125,86.419998,83.144997,85.747498,138808800
1,2020-06-16,87.864998,88.300003,86.18,88.019997,165428800
1,2020-06-17,88.787498,88.849998,87.772499,87.897499,114406400
1,2020-06-18,87.852501,88.362503,87.305,87.932503,96820400
1,2020-06-19,88.660004,89.139999,86.287498,87.43,264476000
1,2020-06-22,87.834999,89.864998,87.787498,89.717499,135445200
1,2020-06-23,91,93.095001,90.567497,91.6325,212155600
1,2020-06-24,91.25,92.197502,89.629997,90.014999,192623200
1,2020-06-25,90.175003,91.25,89.392502,91.209999,137522400
1,2020-06-26,91.102501,91.330002,88.254997,88.407501,205256800
1,2020-06-29,88.3125,90.542503,87.82,90.445,130646000
1,2020-06-30,90.019997,91.495003,90,91.199997,140223200
1,2020-07-01,91.279999,91.839996,90.977501,91.027496,110737200
1,2020-07-02,91.962502,92.6175,90.910004,91.027496,114041600
1,2020-07-06,92.5,93.945,92.467499,93.462502,118655600
1,2020-07-07,93.852501,94.654999,93.057503,93.172501,112424400
1,2020-07-08,94.18,95.375,94.089996,95.342499,117092000
1,2020-07-09,96.262497,96.317497,94.672501,95.752502,125642800
1,2020-07-10,95.334999,95.980003,94.705002,95.919998,90257200
1,2020-07-13,97.264999,99.955002,95.2575,95.477501,191649200
1,2020-07-14,94.839996,97.254997,93.877502,97.057503,170989200
1,2020-07-15,98.989998,99.247498,96.489998,97.724998,153198000
1,2020-07-16,96.5625,97.404999,95.904999,96.522499,110577600
1,2020-07-17,96.987503,97.147499,95.839996,96.327499,92186800
1,2020-07-20,96.417503,98.5,96.0625,98.357498,90318000
1,2020-07-21,99.172501,99.25,96.7425,97,103433200
1,2020-07-22,96.692497,97.974998,96.602501,97.272499,89001600
1,2020-07-23,96.997498,97.077499,92.010002,92.845001,197004400
1,2020-07-24,90.987503,92.970001,89.144997,92.614998,185438800
1,2020-07-27,93.709999,94.904999,93.480003,94.809998,121214000
1,2020-07-28,94.3675,94.550003,93.247498,93.252502,103625600
1,2020-07-29,93.75,95.230003,93.712502,95.040001,90329200
1,2020-07-30,94.1875,96.297501,93.767502,96.190002,158130000
1,2020-07-31,102.885002,106.415001,100.824997,106.260002,374336800
1,2020-08-03,108.199997,111.637497,107.892502,108.9375,308151200
1,2020-08-04,109.1325,110.790001,108.387497,109.665001,173071600
1,2020-08-05,109.377502,110.392502,108.897499,110.0625,121776800
1,2020-08-06,110.404999,114.412498,109.797501,113.902496,202428800
1,2020-08-07,113.205002,113.675003,110.292503,111.112503,198045600
1,2020-08-10,112.599998,113.775002,110,112.727501,212403600
1,2020-08-11,111.970001,112.482498,109.107498,109.375,187902400
1,2020-08-12,110.497498,113.275002,110.297501,113.010002,165598000
1,2020-08-13,114.43,116.042503,113.927498,115.010002,210082000
1,2020-08-14,114.830002,115,113.044998,114.907501,165565200
1,2020-08-17,116.0625,116.087502,113.962502,114.607498,119561600
1,2020-08-18,114.352501,116,114.0075,115.5625,105633600
1,2020-08-19,115.982498,117.162498,115.610001,115.707497,145538000
1,2020-08-20,115.75,118.392502,115.732498,118.275002,126907200
1,2020-08-21,119.262497,124.8675,119.25,124.370003,338054800
1,2020-08-24,128.697495,128.785004,123.9375,125.857498,345937600
1,2020-08-25,124.697502,125.18,123.052498,124.824997,211495600
1,2020-08-26,126.18,126.9925,125.082497,126.522499,163022400
1,2020-08-27,127.142502,127.485001,123.832497,125.010002,155552400
1,2020-08-28,126.012497,126.442497,124.577499,124.807503,187630000
1,2020-08-31,127.580002,131,126,129.039993,225702700
1,2020-09-01,132.759995,134.800003,130.529999,134.179993,151948100
1,2020-09-02,137.589996,137.979996,127,131.399994,200119000
1,2020-09-03,126.910004,128.839996,120.5,120.879997,257599600
1,2020-09-04,120.07,123.699997,110.889999,120.959999,332607200
1,2020-09-08,113.949997,118.989998,112.68,112.82,231366600
1,2020-09-09,117.260002,119.139999,115.260002,117.32,176940500
1,2020-09-10,120.360001,120.5,112.5,113.489998,182274400
1,2020-09-11,114.57,115.230003,110,112,180860300
1,2020-09-14,114.720001,115.93,112.800003,115.360001,140150100
1,2020-09-15,118.330002,118.830002,113.610001,115.540001,184642000
1,2020-09-16,115.230003,116,112.040001,112.129997,154679000
1,2020-09-17,109.720001,112.199997,108.709999,110.339996,178011000
1,2020-09-18,110.400002,110.879997,106.089996,106.839996,287104900
1,2020-09-21,104.540001,110.190002,103.099998,110.080002,195713800
1,2020-09-22,112.68,112.860001,109.160004,111.809998,183055400
1,2020-09-23,111.620003,112.110001,106.769997,107.120003,150718700
1,2020-09-24,105.169998,110.25,105,108.220001,167743300
1,2020-09-25,108.43,112.440002,107.669998,112.279999,149981400
1,2020-09-28,115.010002,115.32,112.779999,114.959999,137672400
1,2020-09-29,114.550003,115.309998,113.57,114.089996,99382200
1,2020-09-30,113.790001,117.260002,113.620003,115.809998,142675200
1,2020-10-01,117.639999,117.720001,115.830002,116.790001,116120400
1,2020-10-02,112.889999,115.370003,112.220001,113.019997,144712000
1,2020-10-05,113.910004,116.650002,113.550003,116.5,106243800
1,2020-10-06,115.699997,116.120003,112.25,113.160004,161498200
1,2020-10-07,114.620003,115.550003,114.129997,115.080002,96849000
1,2020-10-08,116.25,116.400002,114.589996,114.970001,83477200
1,2020-10-09,115.279999,117,114.919998,116.970001,100506900
1,2020-10-12,120.059998,125.18,119.279999,124.400002,240226800
1,2020-10-13,125.269997,125.389999,119.650002,121.099998,262330500
1,2020-10-14,121,123.029999,119.620003,121.190002,150712000
1,2020-10-15,118.720001,121.199997,118.150002,120.709999,112559200
1,2020-10-16,121.279999,121.550003,118.809998,119.019997,115393800
1,2020-10-19,119.959999,120.419998,115.660004,115.980003,120639300
1,2020-10-20,116.199997,118.980003,115.629997,117.510002,124423700
1,2020-10-21,116.669998,118.709999,116.449997,116.870003,89946000
1,2020-10-22,117.449997,118.040001,114.589996,115.75,101988000
1,2020-10-23,116.389999,116.550003,114.279999,115.040001,82572600
1,2020-10-26,114.010002,116.550003,112.879997,115.050003,111850700
1,2020-10-27,115.489998,117.279999,114.540001,116.599998,92276800
1,2020-10-28,115.050003,115.43,111.099998,111.199997,143937800
1,2020-10-29,112.370003,116.93,112.199997,115.32,146129200
1,2020-10-30,111.059998,111.989998,107.720001,108.860001,190272600
1,2020-11-02,109.110001,110.68,107.32,108.769997,122866900
1,2020-11-03,109.660004,111.489998,108.730003,110.440002,107624400
1,2020-11-04,114.139999,115.589996,112.349998,114.949997,138235500
1,2020-11-05,117.949997,119.620003,116.870003,119.029999,126387100
1,2020-11-06,118.32,119.199997,116.129997,118.690002,114457900
1,2020-11-09,120.5,121.989998,116.050003,116.32,154515300
1,2020-11-10,115.550003,117.589996,114.129997,115.970001,138023400
1,2020-11-11,117.190002,119.629997,116.440002,119.489998,112295000
1,2020-11-12,119.620003,120.529999,118.57,119.209999,103162300
1,2020-11-13,119.440002,119.669998,117.870003,119.260002,81581900
1,2020-11-16,118.919998,120.989998,118.150002,120.300003,91183000
1,2020-11-17,119.550003,120.669998,118.959999,119.389999,74271000
1,2020-11-18,118.610001,119.82,118,118.029999,76322100
1,2020-11-19,117.589996,119.059998,116.809998,118.639999,74113000
1,2020-11-20,118.639999,118.769997,117.290001,117.339996,73604300
1,2020-11-23,117.18,117.620003,113.75,113.849998,127959300
1,2020-11-24,113.910004,115.849998,112.589996,115.169998,113874200
1,2020-11-25,115.550003,116.75,115.169998,116.029999,76499200
1,2020-11-27,116.57,117.489998,116.220001,116.589996,46691300
1,2020-11-30,116.970001,120.970001,116.809998,119.050003,169410200
1,2020-12-01,121.010002,123.470001,120.010002,122.720001,127728200
1,2020-12-02,122.019997,123.370003,120.889999,123.080002,89004200
1,2020-12-03,123.519997,123.779999,122.209999,122.940002,78967600
1,2020-12-04,122.599998,122.860001,121.519997,122.25,78260400
1,2020-12-07,122.309998,124.57,122.25,123.75,86712000
1,2020-12-08,124.370003,124.980003,123.089996,124.379997,82225500
1,2020-12-09,124.529999,125.949997,121,121.779999,115089200
1,2020-12-10,120.5,123.870003,120.150002,123.239998,81312200
1,2020-12-11,122.43,122.760002,120.550003,122.410004,86939800
1,2020-12-14,122.599998,123.349998,121.540001,121.779999,79184500
1,2020-12-15,124.339996,127.900002,124.129997,127.879997,157243700
1,2020-12-16,127.410004,128.369995,126.559998,127.809998,98208600
1,2020-12-17,128.899994,129.580002,128.039993,128.699997,94359800
1,2020-12-18,128.960007,129.100006,126.120003,126.660004,192541500
1,2020-12-21,125.019997,128.309998,123.449997,128.229996,121251600
1,2020-12-22,131.610001,134.410004,129.649994,131.880005,168904800
1,2020-12-23,132.160004,132.429993,130.779999,130.960007,88223700
1,2020-12-24,131.320007,133.460007,131.100006,131.970001,54930100
1,2020-12-28,133.990005,137.339996,133.509995,136.690002,124486200
1,2020-12-29,138.050003,138.789993,134.339996,134.869995,121047300
1,2020-12-30,135.580002,135.990005,133.399994,133.720001,96452100
1,2020-12-31,134.080002,134.740005,131.720001,132.690002,99116600
1,2021-01-04,133.520004,133.610001,126.760002,129.410004,143301900
1,2021-01-05,128.889999,131.740005,128.429993,131.009995,97664900
1,2021-01-06,127.720001,131.050003,126.379997,126.599998,155088000
1,2021-01-07,128.360001,131.630005,127.860001,130.919998,109578200
1,2021-01-08,132.429993,132.630005,130.229996,132.050003,105158200
1,2021-01-11,129.190002,130.169998,128.5,128.979996,100384500
1,2021-01-12,128.5,129.690002,126.860001,128.800003,91951100
1,2021-01-13,128.759995,131.449997,128.490005,130.889999,88636800
1,2021-01-14,130.800003,131,128.759995,128.910004,90221800
1,2021-01-15,128.779999,130.220001,127,127.139999,111598500
1,2021-01-19,127.779999,128.710007,126.940002,127.830002,90757300
1,2021-01-20,128.660004,132.490005,128.550003,132.029999,104319500
1,2021-01-21,133.800003,139.669998,133.589996,136.869995,120150900
1,2021-01-22,136.279999,139.850006,135.020004,139.070007,114459400
1,2021-01-25,143.070007,145.089996,136.539993,142.919998,157611700
1,2021-01-26,143.600006,144.300003,141.369995,143.160004,98390600
1,2021-01-27,143.429993,144.300003,140.410004,142.059998,140843800
1,2021-01-28,139.520004,141.990005,136.699997,137.089996,142621100
1,2021-01-29,135.830002,136.740005,130.210007,131.960007,177523800
1,2021-02-01,133.75,135.380005,130.929993,134.139999,106239800
1,2021-02-02,135.729996,136.309998,134.610001,134.990005,83305400
1,2021-02-03,135.759995,135.770004,133.610001,133.940002,89880900
1,2021-02-04,136.300003,137.399994,134.589996,137.389999,84183100
1,2021-02-05,137.350006,137.419998,135.860001,136.759995,75693800
1,2021-02-08,136.029999,136.960007,134.919998,136.910004,71297200
1,2021-02-09,136.619995,137.880005,135.850006,136.009995,76774200
1,2021-02-10,136.479996,136.990005,134.399994,135.389999,73046600
1,2021-02-11,135.899994,136.389999,133.770004,135.130005,64280000
1,2021-02-12,134.350006,135.529999,133.690002,135.369995,60145100
1,2021-02-16,135.490005,136.009995,132.789993,133.190002,80576300
1,2021-02-17,131.25,132.220001,129.470001,130.839996,97918500
1,2021-02-18,129.199997,130,127.410004,129.710007,96856700
1,2021-02-19,130.240005,130.710007,128.800003,129.869995,87668800
1,2021-02-22,128.009995,129.720001,125.599998,126,103916400
1,2021-02-23,123.760002,126.709999,118.389999,125.860001,158273000
1,2021-02-24,124.940002,125.559998,122.230003,125.349998,111039900
1,2021-02-25,124.68,126.459999,120.540001,120.989998,148199500
1,2021-02-26,122.589996,124.849998,121.199997,121.260002,164560400
1,2021-03-01,123.75,127.93,122.790001,127.790001,116307900
1,2021-03-02,128.410004,128.720001,125.010002,125.120003,102260900
1,2021-03-03,124.809998,125.709999,121.839996,122.059998,112966300
1,2021-03-04,121.75,123.599998,118.620003,120.129997,178155000
1,2021-03-05,120.980003,121.940002,117.57,121.419998,153766600
1,2021-03-08,120.93,121,116.209999,116.360001,154376600
1,2021-03-09,119.029999,122.059998,118.790001,121.089996,129525800
1,2021-03-10,121.690002,122.169998,119.449997,119.980003,111943300
1,2021-03-11,122.540001,123.209999,121.260002,121.959999,103026500
1,2021-03-12,120.400002,121.169998,119.160004,121.029999,88105100
1,2021-03-15,121.410004,124,120.419998,123.989998,92403800
1,2021-03-16,125.699997,127.220001,124.720001,125.57,115227900
1,2021-03-17,124.050003,125.860001,122.339996,124.760002,111932600
1,2021-03-18,122.879997,123.18,120.32,120.529999,121229700
1,2021-03-19,119.900002,121.43,119.68,119.989998,185549500
1,2021-03-22,120.330002,123.870003,120.260002,123.389999,111912300
1,2021-03-23,123.330002,124.239998,122.139999,122.540001,95467100
1,2021-03-24,122.82,122.900002,120.07,120.089996,88530500
1,2021-03-25,119.540001,121.660004,119,120.589996,98844700
1,2021-03-26,120.349998,121.480003,118.919998,121.209999,94071200
1,2021-03-29,121.650002,122.580002,120.730003,121.389999,80819200
1,2021-03-30,120.110001,120.400002,118.860001,119.900002,85671900
1,2021-03-31,121.650002,123.519997,121.150002,122.150002,118323800
1,2021-04-01,123.660004,124.18,122.489998,123,75089100
1,2021-04-05,123.870003,126.160004,123.07,125.900002,88651200
1,2021-04-06,126.5,127.129997,125.650002,126.209999,80171300
1,2021-04-07,125.830002,127.919998,125.139999,127.900002,83466700
1,2021-04-08,128.949997,130.389999,128.520004,130.360001,88844600
1,2021-04-09,129.800003,133.039993,129.470001,133,106686700
1,2021-04-12,132.520004,132.850006,130.630005,131.240005,91420000
1,2021-04-13,132.440002,134.660004,131.929993,134.429993,91266500
1,2021-04-14,134.940002,135,131.660004,132.029999,87222800
1,2021-04-15,133.820007,135,133.639999,134.5,89347100
1,2021-04-16,134.300003,134.669998,133.279999,134.160004,84922400
1,2021-04-19,133.509995,135.470001,133.339996,134.839996,94264200
1,2021-04-20,135.020004,135.529999,131.809998,133.110001,94812300
1,2021-04-21,132.360001,133.75,131.300003,133.5,68847100
1,2021-04-22,133.039993,134.149994,131.410004,131.940002,84566500
1,2021-04-23,132.160004,135.119995,132.160004,134.320007,78657500
1,2021-04-26,134.830002,135.059998,133.559998,134.720001,66905100
1,2021-04-27,135.009995,135.410004,134.110001,134.389999,66015800
1,2021-04-28,134.309998,135.020004,133.080002,133.580002,107760100
1,2021-04-29,136.470001,137.070007,132.449997,133.479996,151101000
1,2021-04-30,131.779999,133.559998,131.070007,131.460007,109839500
1,2021-05-03,132.039993,134.070007,131.830002,132.539993,75135100
1,2021-05-04,131.190002,131.490005,126.699997,127.849998,137564700
1,2021-05-05,129.199997,130.449997,127.970001,128.100006,84000900
1,2021-05-06,127.889999,129.75,127.129997,129.740005,78128300
1,2021-05-07,130.850006,131.259995,129.479996,130.210007,78973300
1,2021-05-10,129.410004,129.539993,126.809998,126.849998,88071200
1,2021-05-11,123.5,126.269997,122.769997,125.910004,126142800
1,2021-05-12,123.400002,124.639999,122.25,122.769997,112172300
1,2021-05-13,124.580002,126.150002,124.260002,124.970001,105861300
1,2021-05-14,126.25,127.889999,125.849998,127.449997,81918000
1,2021-05-17,126.82,126.93,125.169998,126.269997,74244600
1,2021-05-18,126.559998,126.989998,124.779999,124.849998,63342900
1,2021-05-19,123.160004,124.919998,122.860001,124.690002,92612000
1,2021-05-20,125.230003,127.720001,125.099998,127.309998,76857100
1,2021-05-21,127.82,128,125.209999,125.43,79295400
1,2021-05-24,126.010002,127.940002,125.940002,127.099998,63092900
1,2021-05-25,127.82,128.320007,126.32,126.900002,72009500
1,2021-05-26,126.959999,127.389999,126.419998,126.849998,56575900
1,2021-05-27,126.440002,127.639999,125.080002,125.279999,94625600
1,2021-05-28,125.57,125.800003,124.550003,124.610001,71311100
1,2021-06-01,125.080002,125.349998,123.940002,124.279999,67637100
1,2021-06-02,124.279999,125.239998,124.050003,125.059998,59278900
1,2021-06-03,124.68,124.849998,123.129997,123.540001,76229200
1,2021-06-04,124.07,126.160004,123.849998,125.889999,75169300
1,2021-06-07,126.169998,126.32,124.830002,125.900002,71057600
1,2021-06-08,126.599998,128.460007,126.209999,126.739998,74403800
1,2021-06-09,127.209999,127.75,126.519997,127.129997,56877900
1,2021-06-10,127.019997,128.190002,125.940002,126.110001,71186400
1,2021-06-11,126.529999,127.440002,126.099998,127.349998,53522400
1,2021-06-14,127.82,130.539993,127.07,130.479996,96906500
1,2021-06-15,129.940002,130.600006,129.389999,129.639999,62746300
1,2021-06-16,130.369995,130.889999,128.460007,130.149994,91815000
1,2021-06-17,129.800003,132.550003,129.649994,131.789993,96721700
1,2021-06-18,130.710007,131.509995,130.240005,130.460007,108953300
1,2021-06-21,130.300003,132.410004,129.210007,132.300003,79663300
1,2021-06-22,132.130005,134.080002,131.619995,133.979996,74783600
1,2021-06-23,133.770004,134.320007,133.229996,133.699997,60214200
1,2021-06-24,134.449997,134.639999,132.929993,133.410004,68711000
1,2021-06-25,133.460007,133.889999,132.809998,133.110001,70783700
1,2021-06-28,133.410004,135.25,133.350006,134.779999,62111300
1,2021-06-29,134.800003,136.490005,134.350006,136.330002,64556100
1,2021-06-30,136.169998,137.410004,135.869995,136.960007,63261400
1,2021-07-01,136.600006,137.330002,135.759995,137.270004,52485800
1,2021-07-02,137.899994,140,137.75,139.960007,78852600
1,2021-07-06,140.070007,143.149994,140.070007,142.020004,108181800
1,2021-07-07,143.539993,144.889999,142.660004,144.570007,104911600
1,2021-07-08,141.580002,144.059998,140.669998,143.240005,105575500
1,2021-07-09,142.75,145.649994,142.649994,145.110001,99890800
1,2021-07-12,146.210007,146.320007,144,144.5,76299700
1,2021-07-13,144.029999,147.460007,143.630005,145.639999,100827100
1,2021-07-14,148.100006,149.570007,147.679993,149.149994,127050800
1,2021-07-15,149.240005,150,147.089996,148.479996,106820300
1,2021-07-16,148.460007,149.759995,145.880005,146.389999,93251400
1,2021-07-19,143.75,144.070007,141.669998,142.449997,121434600
1,2021-07-20,143.460007,147.100006,142.960007,146.149994,96350000
1,2021-07-21,145.529999,146.130005,144.630005,145.399994,74993500
1,2021-07-22,145.940002,148.199997,145.809998,146.800003,77338200
1,2021-07-23,147.550003,148.720001,146.919998,148.559998,71447400
1,2021-07-26,148.270004,149.830002,147.699997,148.990005,72434100
1,2021-07-27,149.119995,149.210007,145.550003,146.770004,104818600
1,2021-07-28,144.809998,146.970001,142.539993,144.979996,118931200
1,2021-07-29,144.690002,146.550003,144.580002,145.639999,56699500
1,2021-07-30,144.380005,146.330002,144.110001,145.860001,70440600
1,2021-08-02,146.360001,146.949997,145.25,145.520004,62880000
1,2021-08-03,145.809998,148.039993,145.179993,147.360001,64786600
1,2021-08-04,147.270004,147.789993,146.279999,146.949997,56368300
1,2021-08-05,146.979996,147.839996,146.169998,147.059998,46397700
1,2021-08-06,146.350006,147.110001,145.630005,146.139999,54126800
1,2021-08-09,146.199997,146.699997,145.520004,146.089996,48908700
1,2021-08-10,146.440002,147.710007,145.300003,145.600006,69023100
1,2021-08-11,146.050003,146.720001,145.529999,145.860001,48493500
1,2021-08-12,146.190002,149.050003,145.839996,148.889999,72282600
1,2021-08-13,148.970001,149.440002,148.270004,149.100006,59375000
1,2021-08-16,148.539993,151.190002,146.470001,151.119995,103296000
1,2021-08-17,150.229996,151.679993,149.089996,150.190002,92229700
1,2021-08-18,149.800003,150.720001,146.149994,146.360001,86326000
1,2021-08-19,145.029999,148,144.5,146.699997,86960300
1,2021-08-20,147.440002,148.5,146.779999,148.190002,60549600
1,2021-08-23,148.309998,150.190002,147.889999,149.710007,60131800
1,2021-08-24,149.449997,150.860001,149.149994,149.619995,48606400
1,2021-08-25,149.809998,150.320007,147.800003,148.360001,58991300
1,2021-08-26,148.350006,149.119995,147.509995,147.539993,48597200
1,2021-08-27,147.479996,148.75,146.830002,148.600006,55802400
1,2021-08-30,149,153.490005,148.610001,153.119995,90956700
1,2021-08-31,152.660004,152.800003,151.289993,151.830002,86453100
1,2021-09-01,152.830002,154.979996,152.339996,152.509995,80313700
1,2021-09-02,153.869995,154.720001,152.399994,153.649994,71115500
1,2021-09-03,153.759995,154.630005,153.089996,154.300003,57808700
1,2021-09-07,154.970001,157.259995,154.389999,156.690002,82278300
1,2021-09-08,156.979996,157.039993,153.979996,155.110001,74420200
1,2021-09-09,155.490005,156.110001,153.949997,154.070007,57305700
1,2021-09-10,155,155.479996,148.699997,148.970001,140893200
1,2021-09-13,150.630005,151.419998,148.75,149.550003,102404300
1,2021-09-14,150.350006,151.070007,146.910004,148.119995,109296300
1,2021-09-15,148.559998,149.440002,146.369995,149.029999,83281300
1,2021-09-16,148.440002,148.970001,147.220001,148.789993,68034100
1,2021-09-17,148.820007,148.820007,145.759995,146.059998,129868800
1,2021-09-20,143.800003,144.839996,141.270004,142.940002,123478900
1,2021-09-21,143.929993,144.600006,142.779999,143.429993,75834000
1,2021-09-22,144.449997,146.429993,143.699997,145.850006,76404300
1,2021-09-23,146.649994,147.080002,145.639999,146.830002,64838200
1,2021-09-24,145.660004,147.470001,145.559998,146.919998,53477900
1,2021-09-27,145.470001,145.960007,143.820007,145.369995,74150700
1,2021-09-28,143.25,144.75,141.690002,141.910004,108972300
1,2021-09-29,142.470001,144.449997,142.029999,142.830002,74602000
1,2021-09-30,143.660004,144.380005,141.279999,141.5,89056700
1,2021-10-01,141.899994,142.919998,139.110001,142.649994,94639600
1,2021-10-04,141.759995,142.210007,138.270004,139.139999,98322000
1,2021-10-05,139.490005,142.240005,139.360001,141.110001,80861100
1,2021-10-06,139.470001,142.149994,138.369995,142,83221100
1,2021-10-07,143.059998,144.220001,142.720001,143.289993,61732700
1,2021-10-08,144.029999,144.179993,142.559998,142.899994,58773200
1,2021-10-11,142.270004,144.809998,141.809998,142.809998,64452200
1,2021-10-12,143.229996,143.25,141.039993,141.509995,73035900
1,2021-10-13,141.240005,141.399994,139.199997,140.910004,78762700
1,2021-10-14,142.110001,143.880005,141.509995,143.759995,69907100
1,2021-10-15,143.770004,144.899994,143.509995,144.839996,67940300
1,2021-10-18,143.449997,146.839996,143.160004,146.550003,85589200
1,2021-10-19,147.009995,149.169998,146.550003,148.759995,76378900
1,2021-10-20,148.699997,149.75,148.119995,149.259995,58418800
1,2021-10-21,148.809998,149.639999,147.869995,149.479996,61421000
1,2021-10-22,149.690002,150.179993,148.639999,148.690002,58883400
1,2021-10-25,148.679993,149.369995,147.619995,148.639999,50720600
1,2021-10-26,149.330002,150.839996,149.009995,149.320007,60893400
1,2021-10-27,149.360001,149.729996,148.490005,148.850006,56094900
1,2021-10-28,149.820007,153.169998,149.720001,152.570007,100077900
1,2021-10-29,147.220001,149.940002,146.410004,149.800003,124953200
1,2021-11-01,148.990005,149.699997,147.800003,148.960007,74588300
1,2021-11-02,148.660004,151.570007,148.649994,150.020004,69122000
1,2021-11-03,150.389999,151.970001,149.820007,151.490005,54511500
1,2021-11-04,151.580002,152.429993,150.639999,150.960007,60394600
1,2021-11-05,151.889999,152.199997,150.059998,151.279999,65463900
1,2021-11-08,151.410004,151.570007,150.160004,150.440002,55020900
1,2021-11-09,150.199997,151.429993,150.059998,150.809998,56787900
1,2021-11-10,150.020004,150.130005,147.850006,147.919998,65187100
1,2021-11-11,148.960007,149.429993,147.679993,147.869995,41000000
1,2021-11-12,148.429993,150.399994,147.479996,149.990005,63804000
1,2021-11-15,150.369995,151.880005,149.429993,150,59222800
1,2021-11-16,149.940002,151.490005,149.339996,151,59256200
1,2021-11-17,151,155,150.990005,153.490005,88807000
1,2021-11-18,153.710007,158.669998,153.050003,157.869995,137827700
1,2021-11-19,157.649994,161.020004,156.529999,160.550003,117305600
1,2021-11-22,161.679993,165.699997,161,161.020004,117467900
1,2021-11-23,161.119995,161.800003,159.059998,161.410004,96041900
1,2021-11-24,160.75,162.139999,159.639999,161.940002,69463600
1,2021-11-26,159.570007,160.449997,156.360001,156.809998,76959800
1,2021-11-29,159.369995,161.190002,158.789993,160.240005,88748200
1,2021-11-30,159.990005,165.520004,159.919998,165.300003,174048100
1,2021-12-01,167.479996,170.300003,164.529999,164.770004,152052500
1,2021-12-02,158.740005,164.199997,157.800003,163.759995,136739200
1,2021-12-03,164.020004,164.960007,159.720001,161.839996,118023100
1,2021-12-06,164.289993,167.880005,164.279999,165.320007,107497000
1,2021-12-07,169.080002,171.580002,168.339996,171.179993,120405400
1,2021-12-08,172.130005,175.960007,170.699997,175.080002,116998900
1,2021-12-09,174.910004,176.75,173.919998,174.559998,108923700
1,2021-12-10,175.210007,179.630005,174.690002,179.449997,115402700
1,2021-12-13,181.119995,182.130005,175.529999,175.740005,153237000
1,2021-12-14,175.25,177.740005,172.210007,174.330002,139380400
1,2021-12-15,175.110001,179.5,172.309998,179.300003,131063300
1,2021-12-16,179.279999,181.139999,170.75,172.259995,150185800
1,2021-12-17,169.929993,173.470001,169.690002,171.139999,195432700
1,2021-12-20,168.279999,170.580002,167.460007,169.75,107499100
1,2021-12-21,171.559998,173.199997,169.119995,172.990005,91185900
1,2021-12-22,173.039993,175.860001,172.149994,175.639999,92135300
1,2021-12-23,175.850006,176.850006,175.270004,176.279999,68356600
1,2021-12-27,177.089996,180.419998,177.070007,180.330002,74919600
1,2021-12-28,180.160004,181.330002,178.529999,179.289993,79144300
1,2021-12-29,179.330002,180.630005,178.139999,179.380005,62348900
1,2021-12-30,179.470001,180.570007,178.089996,178.199997,59773000
1,2021-12-31,178.089996,179.229996,177.259995,177.570007,64062300
1,2022-01-03,177.830002,182.880005,177.710007,182.009995,104487900
1,2022-01-04,182.630005,182.940002,179.119995,179.699997,99310400
1,2022-01-05,179.610001,180.169998,174.639999,174.919998,94537600
1,2022-01-06,172.699997,175.300003,171.639999,172,96904000
1,2022-01-07,172.889999,174.139999,171.029999,172.169998,86709100
1,2022-01-10,169.080002,172.5,168.169998,172.190002,106765600
1,2022-01-11,172.320007,175.179993,170.820007,175.080002,76138300
1,2022-01-12,176.119995,177.179993,174.820007,175.529999,74805200
1,2022-01-13,175.779999,176.619995,171.789993,172.190002,84505800
1,2022-01-14,171.339996,173.779999,171.089996,173.070007,80440800
1,2022-01-18,171.509995,172.539993,169.410004,169.800003,90956700
1,2022-01-19,170,171.080002,165.940002,166.229996,94815000
1,2022-01-20,166.979996,169.679993,164.179993,164.509995,91420500
1,2022-01-21,164.419998,166.330002,162.300003,162.410004,122848900
1,2022-01-24,160.020004,162.300003,154.699997,161.619995,162294600
1,2022-01-25,158.979996,162.759995,157.020004,159.779999,115798400
1,2022-01-26,163.5,164.389999,157.820007,159.690002,108275300
1,2022-01-27,162.449997,163.839996,158.279999,159.220001,121954600
1,2022-01-28,165.710007,170.350006,162.800003,170.330002,179935700
1,2022-01-31,170.160004,175,169.509995,174.779999,115541600
1,2022-02-01,174.009995,174.839996,172.309998,174.610001,86213900
1,2022-02-02,174.75,175.880005,173.330002,175.839996,84914300
1,2022-02-03,174.479996,176.240005,172.119995,172.899994,89418100
1,2022-02-04,171.679993,174.100006,170.679993,172.389999,82465400
1,2022-02-07,172.860001,173.949997,170.949997,171.660004,77251200
1,2022-02-08,171.729996,175.350006,171.429993,174.830002,74829200
1,2022-02-09,176.050003,176.649994,174.899994,176.279999,71285000
1,2022-02-10,174.139999,175.479996,171.550003,172.119995,90865900
1,2022-02-11,172.330002,173.080002,168.039993,168.639999,98670700
1,2022-02-14,167.369995,169.580002,166.559998,168.880005,86185500
1,2022-02-15,170.970001,172.949997,170.25,172.789993,62527400
1,2022-02-16,171.850006,173.339996,170.050003,172.550003,61177400
1,2022-02-17,171.029999,171.910004,168.470001,168.880005,69589300
1,2022-02-18,169.820007,170.539993,166.190002,167.300003,82772700
1,2022-02-22,164.979996,166.690002,162.149994,164.320007,91162800
1,2022-02-23,165.539993,166.149994,159.75,160.070007,90009200
1,2022-02-24,152.580002,162.850006,152,162.740005,141147500
1,2022-02-25,163.839996,165.119995,160.869995,164.850006,91974200
1,2022-02-28,163.059998,165.419998,162.429993,165.119995,95056600
1,2022-03-01,164.699997,166.600006,161.970001,163.199997,83474400
1,2022-03-02,164.389999,167.360001,162.949997,166.559998,79724800
1,2022-03-03,168.470001,168.910004,165.550003,166.229996,76678400
1,2022-03-04,164.490005,165.550003,162.100006,163.169998,83737200
1,2022-03-07,163.360001,165.020004,159.039993,159.300003,96418800
1,2022-03-08,158.820007,162.880005,155.800003,157.440002,131148300
1,2022-03-09,161.479996,163.410004,159.410004,162.949997,91454900
1,2022-03-10,160.199997,160.389999,155.979996,158.520004,105342000
1,2022-03-11,158.929993,159.279999,154.5,154.729996,96970100
1,2022-03-14,151.449997,154.119995,150.100006,150.619995,108732100
1,2022-03-15,150.899994,155.570007,150.380005,155.089996,92964300
1,2022-03-16,157.050003,160,154.460007,159.589996,102300200
1,2022-03-17,158.610001,161,157.630005,160.619995,75615400
1,2022-03-18,160.509995,164.479996,159.759995,163.979996,123511700
1,2022-03-21,163.509995,166.350006,163.009995,165.380005,95811400
1,2022-03-22,165.509995,169.419998,164.910004,168.820007,81532000
1,2022-03-23,167.990005,172.639999,167.649994,170.210007,98062700
1,2022-03-24,171.059998,174.139999,170.210007,174.070007,90131400
1,2022-03-25,173.880005,175.279999,172.75,174.720001,80546200
1,2022-03-28,172.169998,175.729996,172,175.600006,90371900
1,2022-03-29,176.690002,179.009995,176.339996,178.960007,100589400
1,2022-03-30,178.550003,179.610001,176.699997,177.770004,92633200
1,2022-03-31,177.839996,178.029999,174.399994,174.610001,103049300
1,2022-04-01,174.029999,174.880005,171.940002,174.309998,78751300
1,2022-04-04,174.570007,178.490005,174.440002,178.440002,76468400
1,2022-04-05,177.5,178.300003,174.419998,175.059998,73401800
1,2022-04-06,172.360001,173.630005,170.130005,171.830002,89058800
1,2022-04-07,171.160004,173.360001,169.850006,172.139999,77594700
1,2022-04-08,171.779999,171.779999,169.199997,170.089996,76575500
1,2022-04-11,168.710007,169.029999,165.5,165.75,72246700
1,2022-04-12,168.020004,169.869995,166.639999,167.660004,79265200
1,2022-04-13,167.389999,171.039993,166.770004,170.399994,70618900
1,2022-04-14,170.619995,171.270004,165.039993,165.289993,75329400
1,2022-04-18,163.919998,166.600006,163.570007,165.070007,69023900
1,2022-04-19,165.020004,167.820007,163.910004,167.399994,67723800
1,2022-04-20,168.759995,168.880005,166.100006,167.229996,67929800
1,2022-04-21,168.910004,171.529999,165.910004,166.419998,87227800
1,2022-04-22,166.460007,167.869995,161.5,161.789993,84882400
1,2022-04-25,161.119995,163.169998,158.460007,162.880005,96046400
1,2022-04-26,162.25,162.339996,156.720001,156.800003,95623200
1,2022-04-27,155.910004,159.789993,155.380005,156.570007,88063200
1,2022-04-28,159.25,164.520004,158.929993,163.639999,130216800
1,2022-04-29,161.839996,166.199997,157.25,157.649994,131747600
1,2022-05-02,156.710007,158.229996,153.270004,157.960007,123055300
1,2022-05-03,158.149994,160.710007,156.320007,159.479996,88966500
1,2022-05-04,159.669998,166.479996,159.259995,166.020004,108256500
1,2022-05-05,163.850006,164.080002,154.949997,156.770004,130525300
1,2022-05-06,156.009995,159.440002,154.179993,157.279999,116124600
1,2022-05-09,154.929993,155.830002,151.490005,152.059998,131577900
1,2022-05-10,155.520004,156.740005,152.929993,154.509995,115366700
1,2022-05-11,153.5,155.449997,145.809998,146.5,142689800
1,2022-05-12,142.770004,146.199997,138.800003,142.559998,182602000
1,2022-05-13,144.589996,148.100006,143.110001,147.110001,113990900
1,2022-05-16,145.550003,147.520004,144.179993,145.539993,86643800
1,2022-05-17,148.860001,149.770004,146.679993,149.240005,78336300
1,2022-05-18,146.850006,147.360001,139.899994,140.820007,109742900
1,2022-05-19,139.880005,141.660004,136.600006,137.350006,136095600
1,2022-05-20,139.089996,140.699997,132.610001,137.589996,137426100
1,2022-05-23,137.789993,143.259995,137.649994,143.110001,117726300
1,2022-05-24,140.809998,141.970001,137.330002,140.360001,104132700
1,2022-05-25,138.429993,141.789993,138.339996,140.520004,92482700
1,2022-05-26,137.389999,144.339996,137.139999,143.779999,90601500
1,2022-05-27,145.389999,149.679993,145.259995,149.639999,90978500
1,2022-05-31,149.070007,150.660004,146.839996,148.839996,103718400
1,2022-06-01,149.899994,151.740005,147.679993,148.710007,74286600
1,2022-06-02,147.830002,151.270004,146.860001,151.210007,72348100
1,2022-06-03,146.899994,147.970001,144.460007,145.380005,88570300
1,2022-06-06,147.029999,148.570007,144.899994,146.139999,71598400
1,2022-06-07,144.350006,149,144.100006,148.710007,67808200
1,2022-06-08,148.580002,149.869995,147.460007,147.960007,53950200
1,2022-06-09,147.080002,147.949997,142.529999,142.639999,69473000
1,2022-06-10,140.279999,140.759995,137.059998,137.130005,91437900
1,2022-06-13,132.869995,135.199997,131.440002,131.880005,122207100
1,2022-06-14,133.130005,133.889999,131.479996,132.759995,84784300
1,2022-06-15,134.289993,137.339996,132.160004,135.429993,91533000
1,2022-06-16,132.080002,132.389999,129.039993,130.059998,108123900
1,2022-06-17,130.070007,133.080002,129.809998,131.559998,134520300
1,2022-06-21,133.419998,137.059998,133.320007,135.869995,81000500
1,2022-06-22,134.789993,137.759995,133.910004,135.350006,73409200
1,2022-06-23,136.820007,138.589996,135.630005,138.270004,72433800
1,2022-06-24,139.899994,141.910004,139.770004,141.660004,89116800
1,2022-06-27,142.699997,143.490005,140.970001,141.660004,70207900
1,2022-06-28,142.130005,143.419998,137.320007,137.440002,67083400
1,2022-06-29,137.460007,140.669998,136.669998,139.229996,66242400
1,2022-06-30,137.25,138.369995,133.770004,136.720001,98964500
1,2022-07-01,136.039993,139.039993,135.660004,138.929993,71051600
1,2022-07-05,137.770004,141.610001,136.929993,141.559998,73353800
1,2022-07-06,141.350006,144.119995,141.080002,142.919998,74064300
1,2022-07-07,143.289993,146.550003,143.279999,146.350006,66253700
1,2022-07-08,145.259995,147.550003,145,147.039993,64547800
1,2022-07-11,145.669998,146.639999,143.779999,144.869995,63141600
1,2022-07-12,145.759995,148.449997,145.050003,145.860001,77588800
1,2022-07-13,142.990005,146.449997,142.119995,145.490005,71185600
1,2022-07-14,144.080002,148.949997,143.25,148.470001,78140700
1,2022-07-15,149.779999,150.860001,148.199997,150.169998,76259900
1,2022-07-18,150.740005,151.570007,146.699997,147.070007,81420900
1,2022-07-19,147.919998,151.229996,146.910004,151,82982400
1,2022-07-20,151.119995,153.720001,150.369995,153.039993,64823400
1,2022-07-21,154.5,155.570007,151.940002,155.350006,65086600
1,2022-07-22,155.389999,156.279999,153.410004,154.089996,66675400
1,2022-07-25,154.009995,155.039993,152.279999,152.949997,53623900
1,2022-07-26,152.259995,153.089996,150.800003,151.600006,55138700
1,2022-07-27,152.580002,157.330002,152.160004,156.789993,78620700
1,2022-07-28,156.979996,157.639999,154.410004,157.350006,81378700
1,2022-07-29,161.240005,163.630005,159.5,162.509995,101786900
1,2022-08-01,161.009995,163.589996,160.889999,161.509995,67829400
1,2022-08-02,160.100006,162.410004,159.630005,160.009995,59907000
1,2022-08-03,160.839996,166.589996,160.75,166.130005,82507500
1,2022-08-04,166.009995,167.190002,164.429993,165.809998,55474100
1,2022-08-05,163.210007,165.850006,163,165.350006,56697000
1,2022-08-08,166.369995,167.809998,164.199997,164.869995,60276900
1,2022-08-09,164.020004,165.820007,163.25,164.919998,63135500
1,2022-08-10,167.679993,169.339996,166.899994,169.240005,70170500
1,2022-08-11,170.059998,170.990005,168.190002,168.490005,57149200
1,2022-08-12,169.820007,172.169998,169.399994,172.100006,68039400
1,2022-08-15,171.520004,173.389999,171.350006,173.190002,54091700
1,2022-08-16,172.779999,173.710007,171.660004,173.029999,56377100
1,2022-08-17,172.770004,176.149994,172.570007,174.550003,79542000
1,2022-08-18,173.75,174.899994,173.119995,174.149994,62290100
1,2022-08-19,173.029999,173.740005,171.309998,171.520004,70346300
1,2022-08-22,169.690002,169.860001,167.139999,167.570007,69026800
1,2022-08-23,167.080002,168.710007,166.649994,167.229996,54147100
1,2022-08-24,167.320007,168.110001,166.25,167.529999,53841500
1,2022-08-25,168.779999,170.139999,168.350006,170.029999,51218200
1,2022-08-26,170.570007,171.050003,163.559998,163.619995,78961000
1,2022-08-29,161.149994,162.899994,159.820007,161.380005,73314000
1,2022-08-30,162.130005,162.559998,157.720001,158.910004,77906200
1,2022-08-31,160.309998,160.580002,157.139999,157.220001,87991100
1,2022-09-01,156.639999,158.419998,154.669998,157.960007,74229900
1,2022-09-02,159.75,160.360001,154.970001,155.809998,76957800
1,2022-09-06,156.470001,157.089996,153.690002,154.529999,73714800
1,2022-09-07,154.820007,156.669998,153.610001,155.960007,87449600
1,2022-09-08,154.639999,156.360001,152.679993,154.460007,84923800
1,2022-09-09,155.470001,157.820007,154.75,157.369995,68028800
1,2022-09-12,159.589996,164.259995,159.300003,163.429993,104956000
1,2022-09-13,159.899994,160.539993,153.369995,153.839996,122656600
1,2022-09-14,154.789993,157.100006,153.610001,155.309998,87965400
1,2022-09-15,154.649994,155.240005,151.380005,152.369995,90481100
1,2022-09-16,151.210007,151.350006,148.369995,150.699997,162278800
1,2022-09-19,149.309998,154.559998,149.100006,154.479996,81474200
1,2022-09-20,153.399994,158.080002,153.080002,156.899994,107689800
1,2022-09-21,157.339996,158.740005,153.600006,153.720001,101696800
1,2022-09-22,152.380005,154.470001,150.910004,152.740005,86652500
1,2022-09-23,151.190002,151.470001,148.559998,150.429993,96029900
1,2022-09-26,149.660004,153.770004,149.639999,150.770004,93339400
1,2022-09-27,152.740005,154.720001,149.949997,151.759995,84442700
1,2022-09-28,147.639999,150.639999,144.839996,149.839996,146691400
1,2022-09-29,146.100006,146.720001,140.679993,142.479996,128138200
1,2022-09-30,141.279999,143.100006,138,138.199997,124925300
1,2022-10-03,138.210007,143.070007,137.690002,142.449997,114311700
1,2022-10-04,145.029999,146.220001,144.259995,146.100006,87830100
1,2022-10-05,144.070007,147.380005,143.009995,146.399994,79471000
1,2022-10-06,145.809998,147.539993,145.220001,145.429993,68402200
1,2022-10-07,142.539993,143.100006,139.449997,140.089996,85925600
1,2022-10-10,140.419998,141.889999,138.570007,140.419998,74899000
1,2022-10-11,139.899994,141.350006,138.220001,138.979996,77033700
1,2022-10-12,139.130005,140.360001,138.160004,138.339996,70433700
1,2022-10-13,134.990005,143.589996,134.369995,142.990005,113224000
1,2022-10-14,144.309998,144.520004,138.190002,138.380005,88598000
1,2022-10-17,141.070007,142.899994,140.270004,142.410004,85250900
1,2022-10-18,145.490005,146.699997,140.610001,143.75,99136600
1,2022-10-19,141.690002,144.949997,141.5,143.860001,61758300
1,2022-10-20,143.020004,145.889999,142.649994,143.389999,64522000
1,2022-10-21,142.869995,147.850006,142.649994,147.270004,86548600
1,2022-10-24,147.190002,150.229996,146,149.449997,75981900
1,2022-10-25,150.089996,152.490005,149.360001,152.339996,74732300
1,2022-10-26,150.960007,151.990005,148.039993,149.350006,88194300
1,2022-10-27,148.070007,149.050003,144.130005,144.800003,109180200
1,2022-10-28,148.199997,157.5,147.820007,155.740005,164762400
1,2022-10-31,153.160004,154.240005,151.919998,153.339996,97943200
1,2022-11-01,155.080002,155.449997,149.130005,150.649994,80379300
1,2022-11-02,148.949997,152.169998,145,145.029999,93604600
1,2022-11-03,142.059998,142.800003,138.75,138.880005,97918500
1,2022-11-04,142.089996,142.669998,134.380005,138.380005,140814800
1,2022-11-07,137.110001,139.149994,135.669998,138.919998,83374600
1,2022-11-08,140.410004,141.429993,137.490005,139.5,89908500
1,2022-11-09,138.5,138.550003,134.589996,134.869995,74917800
1,2022-11-10,141.240005,146.869995,139.5,146.869995,118854000
1,2022-11-11,145.820007,150.009995,144.369995,149.699997,93979700
1,2022-11-14,148.970001,150.279999,147.429993,148.279999,73374100
1,2022-11-15,152.220001,153.589996,148.559998,150.039993,89868300
1,2022-11-16,149.130005,149.869995,147.289993,148.789993,64218300
1,2022-11-17,146.429993,151.479996,146.149994,150.720001,80389400
1,2022-11-18,152.309998,152.699997,149.970001,151.289993,74829600
1,2022-11-21,150.160004,150.369995,147.720001,148.009995,58724100
1,2022-11-22,148.130005,150.419998,146.929993,150.179993,51804100
1,2022-11-23,149.449997,151.830002,149.339996,151.070007,58301400
1,2022-11-25,148.309998,148.880005,147.119995,148.110001,35195900
1,2022-11-28,145.139999,146.639999,143.380005,144.220001,69246000
1,2022-11-29,144.289993,144.809998,140.350006,141.169998,83763800
1,2022-11-30,141.399994,148.720001,140.550003,148.029999,111380900
1,2022-12-01,148.210007,149.130005,146.610001,148.309998,71250400
1,2022-12-02,145.960007,148,145.649994,147.809998,65447400
1,2022-12-05,147.770004,150.919998,145.770004,146.630005,68826400
1,2022-12-06,147.070007,147.300003,141.919998,142.910004,64727200
1,2022-12-07,142.190002,143.369995,140,140.940002,69721100
1,2022-12-08,142.360001,143.520004,141.100006,142.649994,62128300
1,2022-12-09,142.339996,145.570007,140.899994,142.160004,76097000
1,2022-12-12,142.699997,144.5,141.059998,144.490005,70462700
1,2022-12-13,149.5,149.970001,144.240005,145.470001,93886200
1,2022-12-14,145.350006,146.660004,141.160004,143.210007,82291200
1,2022-12-15,141.110001,141.800003,136.029999,136.5,98931900
1,2022-12-16,136.690002,137.649994,133.729996,134.509995,160156900
1,2022-12-19,135.110001,135.199997,131.320007,132.369995,79592600
1,2022-12-20,131.389999,133.25,129.889999,132.300003,77432800
1,2022-12-21,132.979996,136.809998,132.75,135.449997,85928000
1,2022-12-22,134.350006,134.559998,130.300003,132.229996,77852100
1,2022-12-23,130.919998,132.419998,129.639999,131.860001,63814900
1,2022-12-27,131.380005,131.410004,128.720001,130.029999,69007800
1,2022-12-28,129.669998,131.029999,125.870003,126.040001,85438400
1,2022-12-29,127.989998,130.479996,127.730003,129.610001,75703700
1,2022-12-30,128.410004,129.949997,127.43,129.929993,77034200
1,2023-01-03,130.279999,130.899994,124.169998,125.07,112117500
1,2023-01-04,126.889999,128.660004,125.080002,126.360001,89113600
1,2023-01-05,127.129997,127.769997,124.760002,125.019997,80962700
1,2023-01-06,126.010002,130.289993,124.889999,129.619995,87754700
1,2023-01-09,130.470001,133.410004,129.889999,130.149994,70790800
1,2023-01-10,130.259995,131.259995,128.119995,130.729996,63896200
1,2023-01-11,131.25,133.509995,130.460007,133.490005,69458900
1,2023-01-12,133.880005,134.259995,131.440002,133.410004,71379600
1,2023-01-13,132.029999,134.919998,131.660004,134.759995,57809700
1,2023-01-17,134.830002,137.289993,134.130005,135.940002,63646600
1,2023-01-18,136.820007,138.610001,135.029999,135.210007,69672800
1,2023-01-19,134.080002,136.25,133.770004,135.270004,58280400
1,2023-01-20,135.279999,138.020004,134.220001,137.869995,80223600
1,2023-01-23,138.119995,143.320007,137.899994,141.110001,81760300
1,2023-01-24,140.309998,143.160004,140.300003,142.529999,66435100
1,2023-01-25,140.889999,142.429993,138.809998,141.860001,65799300
1,2023-01-26,143.169998,144.25,141.899994,143.960007,54105100
1,2023-01-27,143.160004,147.229996,143.080002,145.929993,70555800
1,2023-01-30,144.960007,145.550003,142.850006,143,64015300
1,2023-01-31,142.699997,144.339996,142.279999,144.289993,65874500
1,2023-02-01,143.970001,146.610001,141.320007,145.429993,77663600
1,2023-02-02,148.899994,151.179993,148.169998,150.820007,118339000
1,2023-02-03,148.029999,157.380005,147.830002,154.5,154357300
1,2023-02-06,152.570007,153.100006,150.779999,151.729996,69858300
1,2023-02-07,150.639999,155.229996,150.639999,154.649994,83322600
1,2023-02-08,153.880005,154.580002,151.169998,151.919998,64120100
1,2023-02-09,153.779999,154.330002,150.419998,150.869995,56007100
1,2023-02-10,149.460007,151.339996,149.220001,151.009995,57450700
1,2023-02-13,150.949997,154.259995,150.919998,153.850006,62199000
1,2023-02-14,152.119995,153.770004,150.860001,153.199997,61707600
1,2023-02-15,153.110001,155.5,152.880005,155.330002,65573800
1,2023-02-16,153.509995,156.330002,153.350006,153.710007,68167900
1,2023-02-17,152.350006,153,150.850006,152.550003,59144100
1,2023-02-21,150.199997,151.300003,148.410004,148.479996,58867200
1,2023-02-22,148.869995,149.949997,147.160004,148.910004,51011300
1,2023-02-23,150.089996,150.339996,147.240005,149.399994,48394200
1,2023-02-24,147.110001,147.190002,145.720001,146.710007,55469600
1,2023-02-27,147.710007,149.169998,147.449997,147.919998,44998500
1,2023-02-28,147.050003,149.080002,146.830002,147.410004,50547000
1,2023-03-01,146.830002,147.229996,145.009995,145.309998,55479000
1,2023-03-02,144.380005,146.710007,143.899994,145.910004,52238100
1,2023-03-03,148.039993,151.110001,147.330002,151.029999,70732300
1,2023-03-06,153.789993,156.300003,153.460007,153.830002,87558000
1,2023-03-07,153.699997,154.029999,151.130005,151.600006,56182000
1,2023-03-08,152.809998,153.470001,151.830002,152.869995,47204800
1,2023-03-09,153.559998,154.539993,150.229996,150.589996,53833600
1,2023-03-10,150.210007,150.940002,147.610001,148.5,68572400
1,2023-03-13,147.809998,153.139999,147.699997,150.470001,84457100
1,2023-03-14,151.279999,153.399994,150.100006,152.589996,73695900
1,2023-03-15,151.190002,153.25,149.919998,152.990005,77167900
1,2023-03-16,152.160004,156.460007,151.639999,155.850006,76161100
1,2023-03-17,156.080002,156.740005,154.279999,155,98944600
1,2023-03-20,155.070007,157.820007,154.149994,157.399994,73641400
1,2023-03-21,157.320007,159.399994,156.539993,159.279999,73938300
1,2023-03-22,159.300003,162.139999,157.809998,157.830002,75701800
1,2023-03-23,158.830002,161.550003,157.679993,158.929993,67622100
1,2023-03-24,158.860001,160.339996,157.850006,160.25,59196500
1,2023-03-27,159.940002,160.770004,157.869995,158.279999,52390300
1,2023-03-28,157.970001,158.490005,155.979996,157.649994,45992200
1,2023-03-29,159.369995,161.050003,159.350006,160.770004,51305700
1,2023-03-30,161.529999,162.470001,161.270004,162.360001,49501700
1,2023-03-31,162.440002,165,161.910004,164.899994,68749800
1,2023-04-03,164.270004,166.289993,164.220001,166.169998,56976200
1,2023-04-04,166.600006,166.839996,165.110001,165.630005,46278300
1,2023-04-05,164.740005,165.050003,161.800003,163.759995,51511700
1,2023-04-06,162.429993,164.960007,162,164.660004,45390100
1,2023-04-10,161.419998,162.029999,160.080002,162.029999,47716900
1,2023-04-11,162.350006,162.360001,160.509995,160.800003,47644200
1,2023-04-12,161.220001,162.059998,159.779999,160.100006,50133100
1,2023-04-13,161.630005,165.800003,161.419998,165.559998,68445600
1,2023-04-14,164.589996,166.320007,163.820007,165.210007,49386500
1,2023-04-17,165.089996,165.389999,164.029999,165.229996,41516200
1,2023-04-18,166.100006,167.410004,165.649994,166.470001,49923000
1,2023-04-19,165.800003,168.160004,165.539993,167.630005,47720200
1,2023-04-20,166.089996,167.869995,165.559998,166.649994,52456400
1,2023-04-21,165.050003,166.449997,164.490005,165.020004,58337300
1,2023-04-24,165,165.600006,163.889999,165.330002,41949600
1,2023-04-25,165.190002,166.309998,163.729996,163.770004,48714100
1,2023-04-26,163.059998,165.279999,162.800003,163.759995,45498800
1,2023-04-27,165.190002,168.559998,165.190002,168.410004,64902300
1,2023-04-28,168.490005,169.850006,167.880005,169.679993,55209200
1,2023-05-01,169.279999,170.449997,168.639999,169.589996,52472900
1,2023-05-02,170.089996,170.350006,167.539993,168.539993,48425700
1,2023-05-03,169.5,170.919998,167.160004,167.449997,65136000
1,2023-05-04,164.889999,167.039993,164.309998,165.789993,81235400
1,2023-05-05,170.979996,174.300003,170.759995,173.570007,113316400
1,2023-05-08,172.479996,173.850006,172.110001,173.5,55962800
1,2023-05-09,173.050003,173.539993,171.600006,171.770004,45326900
1,2023-05-10,173.020004,174.029999,171.899994,173.559998,53724500
1,2023-05-11,173.850006,174.589996,172.169998,173.75,49514700
1,2023-05-12,173.619995,174.059998,171,172.570007,45497800
1,2023-05-15,173.160004,173.210007,171.470001,172.070007,37266700
1,2023-05-16,171.990005,173.139999,171.800003,172.070007,42110300
1,2023-05-17,171.710007,172.929993,170.419998,172.690002,57951600
1,2023-05-18,173,175.240005,172.580002,175.050003,65496700
1,2023-05-19,176.389999,176.389999,174.940002,175.160004,55772400
1,2023-05-22,173.979996,174.710007,173.449997,174.199997,43570900
1,2023-05-23,173.130005,173.380005,171.279999,171.559998,50747300
1,2023-05-24,171.089996,172.419998,170.520004,171.839996,45143500
1,2023-05-25,172.410004,173.899994,171.690002,172.990005,56058300
1,2023-05-26,173.320007,175.770004,173.110001,175.429993,54835000
1,2023-05-30,176.960007,178.990005,176.570007,177.300003,55964400
1,2023-05-31,177.330002,179.350006,176.759995,177.25,99625300
1,2023-06-01,177.699997,180.119995,176.929993,180.089996,68901800
1,2023-06-02,181.029999,181.779999,179.259995,180.949997,61945900
1,2023-06-05,182.630005,184.949997,178.039993,179.580002,121946500
1,2023-06-06,179.970001,180.119995,177.429993,179.210007,64848400
1,2023-06-07,178.440002,181.210007,177.320007,177.820007,61944600
1,2023-06-08,177.899994,180.839996,177.460007,180.570007,50214900
1,2023-06-09,181.5,182.229996,180.630005,180.960007,48870700
1,2023-06-12,181.270004,183.889999,180.970001,183.789993,54274900
1,2023-06-13,182.800003,184.149994,182.440002,183.309998,54929100
1,2023-06-14,183.369995,184.389999,182.020004,183.949997,57462900
1,2023-06-15,183.960007,186.520004,183.779999,186.009995,65433200
1,2023-06-16,186.729996,186.990005,184.270004,184.919998,101235600
1,2023-06-20,184.410004,186.100006,184.410004,185.009995,49799100
1,2023-06-21,184.899994,185.410004,182.589996,183.960007,49515700
1,2023-06-22,183.740005,187.050003,183.669998,187,51245300
1,2023-06-23,185.550003,187.559998,185.009995,186.679993,53079300
1,2023-06-26,186.830002,188.050003,185.229996,185.270004,48088700
1,2023-06-27,185.889999,188.389999,185.669998,188.059998,50730800
1,2023-06-28,187.929993,189.899994,187.600006,189.25,51216800
1,2023-06-29,189.080002,190.070007,188.940002,189.589996,46347300
1,2023-06-30,191.630005,194.479996,191.259995,193.970001,85069600
1,2023-07-03,193.779999,193.880005,191.759995,192.460007,31458200
1,2023-07-05,191.570007,192.979996,190.619995,191.330002,46920300
1,2023-07-06,189.839996,192.020004,189.199997,191.809998,45094300
1,2023-07-07,191.410004,192.669998,190.240005,190.679993,46778000
1,2023-07-10,189.259995,189.990005,187.039993,188.610001,59922200
1,2023-07-11,189.160004,189.300003,186.600006,188.080002,46638100
1,2023-07-12,189.679993,191.699997,188.470001,189.770004,60750200
1,2023-07-13,190.5,191.190002,189.779999,190.539993,41342300
1,2023-07-14,190.229996,191.179993,189.630005,190.690002,41573900
1,2023-07-17,191.899994,194.320007,191.809998,193.990005,50520200
1,2023-07-18,193.350006,194.330002,192.419998,193.729996,48353800
1,2023-07-19,193.100006,198.229996,192.649994,195.100006,80507300
1,2023-07-20,195.089996,196.470001,192.5,193.130005,59581200
1,2023-07-21,194.100006,194.970001,191.229996,191.940002,71917800
1,2023-07-24,193.410004,194.910004,192.25,192.75,45377800
1,2023-07-25,193.330002,194.440002,192.919998,193.619995,37283200
1,2023-07-26,193.669998,195.639999,193.320007,194.5,47471900
1,2023-07-27,196.020004,197.199997,192.550003,193.220001,47460200
1,2023-07-28,194.669998,196.630005,194.139999,195.830002,48291400
1,2023-07-31,196.059998,196.490005,195.259995,196.449997,38824100
1,2023-08-01,196.240005,196.729996,195.279999,195.610001,35175100
1,2023-08-02,195.039993,195.179993,191.850006,192.580002,50389300
1,2023-08-03,191.570007,192.369995,190.690002,191.169998,61235200
1,2023-08-04,185.520004,187.380005,181.919998,181.990005,115799700
1,2023-08-07,182.130005,183.130005,177.350006,178.850006,97576100
1,2023-08-08,179.690002,180.270004,177.580002,179.800003,67823000
1,2023-08-09,180.869995,180.929993,177.009995,178.190002,60378500
1,2023-08-10,179.479996,180.75,177.600006,177.970001,54686900
1,2023-08-11,177.320007,178.619995,176.550003,177.789993,51988100
1,2023-08-14,177.970001,179.690002,177.309998,179.460007,43675600
1,2023-08-15,178.880005,179.479996,177.050003,177.449997,43622600
1,2023-08-16,177.130005,178.539993,176.5,176.570007,46964900
1,2023-08-17,177.139999,177.509995,173.479996,174,66062900
1,2023-08-18,172.300003,175.100006,171.960007,174.490005,61114200
1,2023-08-21,175.070007,176.130005,173.740005,175.839996,46311900
1,2023-08-22,177.059998,177.679993,176.25,177.229996,42084200
1,2023-08-23,178.520004,181.550003,178.330002,181.119995,52722800
1,2023-08-24,180.669998,181.100006,176.009995,176.380005,54945800
1,2023-08-25,177.380005,179.149994,175.820007,178.610001,51449600
1,2023-08-28,180.089996,180.589996,178.550003,180.190002,43820700
1,2023-08-29,179.699997,184.899994,179.5,184.119995,53003900
1,2023-08-30,184.940002,187.850006,184.740005,187.649994,60813900
1,2023-08-31,187.839996,189.119995,187.479996,187.869995,60794500
1,2023-09-01,189.490005,189.919998,188.279999,189.460007,45732600
1,2023-09-05,188.279999,189.979996,187.610001,189.699997,45280000
1,2023-09-06,188.399994,188.850006,181.470001,182.910004,81755800
1,2023-09-07,175.179993,178.210007,173.539993,177.559998,112488800
1,2023-09-08,178.350006,180.240005,177.789993,178.179993,65551300
1,2023-09-11,180.070007,180.300003,177.339996,179.360001,58953100
1,2023-09-12,179.490005,180.130005,174.820007,176.300003,90370200
1,2023-09-13,176.509995,177.300003,173.979996,174.210007,84267900
1,2023-09-14,174,176.100006,173.580002,175.740005,60895800
1,2023-09-15,176.479996,176.5,173.820007,175.009995,109205100
1,2023-09-18,176.479996,179.380005,176.169998,177.970001,67257600
1,2023-09-19,177.520004,179.630005,177.130005,179.070007,51826900
1,2023-09-20,179.259995,179.699997,175.399994,175.490005,58436200
1,2023-09-21,174.550003,176.300003,173.860001,173.929993,63047900
1,2023-09-22,174.669998,177.080002,174.050003,174.789993,56725400
1,2023-09-25,174.199997,176.970001,174.149994,176.080002,46172700
1,2023-09-26,174.820007,175.199997,171.660004,171.960007,64588900
1,2023-09-27,172.619995,173.039993,169.050003,170.429993,66921800
1,2023-09-28,169.339996,172.029999,167.619995,170.690002,56294400
1,2023-09-29,172.020004,173.070007,170.339996,171.210007,51814200
1,2023-10-02,171.220001,174.300003,170.929993,173.75,52164500
1,2023-10-03,172.259995,173.630005,170.820007,172.399994,49594600
1,2023-10-04,171.089996,174.210007,170.970001,173.660004,53020300
1,2023-10-05,173.789993,175.449997,172.679993,174.910004,48527900
1,2023-10-06,173.800003,177.990005,173.179993,177.490005,57224100
1,2023-10-09,176.809998,179.050003,175.800003,178.990005,42390800
1,2023-10-10,178.100006,179.720001,177.949997,178.389999,43698000
1,2023-10-11,178.199997,179.850006,177.600006,179.800003,47551100
1,2023-10-12,180.070007,182.339996,179.039993,180.710007,56743100
1,2023-10-13,181.419998,181.929993,178.139999,178.850006,51427100
1,2023-10-16,176.75,179.080002,176.509995,178.720001,52517000
1,2023-10-17,176.649994,178.419998,174.800003,177.149994,57549400
1,2023-10-18,175.580002,177.580002,175.110001,175.839996,54764400
1,2023-10-19,176.039993,177.839996,175.190002,175.460007,59302900
1,2023-10-20,175.309998,175.419998,172.639999,172.880005,64189300
1,2023-10-23,170.910004,174.009995,169.929993,173,55980100
1,2023-10-24,173.050003,173.669998,171.449997,173.440002,43816600
1,2023-10-25,171.880005,173.059998,170.649994,171.100006,57157000
1,2023-10-26,170.369995,171.380005,165.669998,166.889999,70625300
1,2023-10-27,166.910004,168.960007,166.830002,168.220001,58499100
1,2023-10-30,169.020004,171.169998,168.869995,170.289993,51131000
1,2023-10-31,169.350006,170.899994,167.899994,170.770004,44846000
1,2023-11-01,171,174.229996,170.119995,173.970001,56934900
1,2023-11-02,175.520004,177.779999,175.460007,177.570007,77334800
1,2023-11-03,174.240005,176.820007,173.350006,176.649994,79763700
1,2023-11-06,176.380005,179.429993,176.210007,179.229996,63841300
1,2023-11-07,179.179993,182.440002,178.970001,181.820007,70530000
1,2023-11-08,182.350006,183.449997,181.589996,182.889999,49340300
1,2023-11-09,182.960007,184.119995,181.809998,182.410004,53763500
1,2023-11-10,183.970001,186.570007,183.529999,186.399994,66133400
1,2023-11-13,185.820007,186.029999,184.210007,184.800003,43627500
1,2023-11-14,187.699997,188.110001,186.300003,187.440002,60108400
1,2023-11-15,187.850006,189.5,187.779999,188.009995,53790500
1,2023-11-16,189.570007,190.960007,188.649994,189.710007,54412900
1,2023-11-17,190.25,190.380005,188.570007,189.690002,50922700
1,2023-11-20,189.889999,191.910004,189.880005,191.449997,46505100
1,2023-11-21,191.410004,191.520004,189.740005,190.639999,38134500
1,2023-11-22,191.490005,192.929993,190.830002,191.309998,39617700
1,2023-11-24,190.869995,190.899994,189.25,189.970001,24048300
1,2023-11-27,189.919998,190.669998,188.899994,189.789993,40552600
1,2023-11-28,189.779999,191.080002,189.399994,190.399994,38415400
1,2023-11-29,190.899994,192.089996,188.970001,189.369995,43014200
1,2023-11-30,189.839996,190.320007,188.190002,189.949997,48794400
1,2023-12-01,190.330002,191.559998,189.229996,191.240005,45679300
1,2023-12-04,189.979996,190.050003,187.449997,189.429993,43389500
1,2023-12-05,190.210007,194.399994,190.179993,193.419998,66628400
1,2023-12-06,194.449997,194.759995,192.110001,192.320007,41089700
1,2023-12-07,193.630005,195,193.589996,194.270004,47477700
1,2023-12-08,194.199997,195.990005,193.669998,195.710007,53377300
1,2023-12-11,193.110001,193.490005,191.419998,193.179993,60943700
1,2023-12-12,193.080002,194.720001,191.720001,194.710007,52696900
1,2023-12-13,195.089996,198,194.850006,197.960007,70404200
1,2023-12-14,198.020004,199.619995,196.160004,198.110001,66831600
1,2023-12-15,197.529999,198.399994,197,197.570007,128256700
1,2023-12-18,196.089996,196.630005,194.389999,195.889999,55751900
1,2023-12-19,196.160004,196.949997,195.889999,196.940002,40714100
1,2023-12-20,196.899994,197.679993,194.830002,194.830002,52242800
1,2023-12-21,196.100006,197.080002,193.5,194.679993,46482500
1,2023-12-22,195.179993,195.410004,192.970001,193.600006,37122800
1,2023-12-26,193.610001,193.889999,192.830002,193.050003,28919300
1,2023-12-27,192.490005,193.5,191.089996,193.149994,48087700
1,2023-12-28,194.139999,194.660004,193.169998,193.580002,34049900
1,2023-12-29,193.899994,194.399994,191.729996,192.529999,42628800
1,2024-01-02,187.149994,188.440002,183.889999,185.639999,82488700
1,2024-01-03,184.220001,185.880005,183.429993,184.25,58414500
1,2024-01-04,182.149994,183.089996,180.880005,181.910004,71983600
1,2024-01-05,181.990005,182.759995,180.169998,181.179993,62303300
1,2024-01-08,182.089996,185.600006,181.5,185.559998,59144500
1,2024-01-09,183.919998,185.149994,182.729996,185.139999,42841800
1,2024-01-10,184.350006,186.399994,183.919998,186.190002,46792900
1,2024-01-11,186.539993,187.050003,183.619995,185.589996,49128400
1,2024-01-12,186.059998,186.740005,185.190002,185.919998,40444700
1,2024-01-16,182.160004,184.259995,180.929993,183.630005,65603000
1,2024-01-17,181.270004,182.929993,180.300003,182.679993,47317400
1,2024-01-18,186.089996,189.139999,185.830002,188.630005,78005800
1,2024-01-19,189.330002,191.949997,188.820007,191.559998,68741000
1,2024-01-22,192.300003,195.330002,192.259995,193.889999,60133900
1,2024-01-23,195.020004,195.75,193.830002,195.179993,42355600
1,2024-01-24,195.419998,196.380005,194.339996,194.5,53631300
1,2024-01-25,195.220001,196.270004,193.110001,194.169998,54822100
1,2024-01-26,194.270004,194.759995,191.940002,192.419998,44594000
1,2024-01-29,192.009995,192.199997,189.580002,191.729996,47145600
1,2024-01-30,190.940002,191.800003,187.470001,188.039993,55859400
1,2024-01-31,187.039993,187.100006,184.350006,184.399994,55467800
1,2024-02-01,183.990005,186.949997,183.820007,186.860001,64885400
1,2024-02-02,179.860001,187.330002,179.25,185.850006,102518000
1,2024-02-05,188.149994,189.25,185.839996,187.679993,69668800
1,2024-02-06,186.860001,189.309998,186.770004,189.300003,43490800
1,2024-02-07,190.639999,191.050003,188.610001,189.410004,53439000
1,2024-02-08,189.389999,189.539993,187.350006,188.320007,40962000
1,2024-02-09,188.649994,189.990005,188,188.850006,45155200
1,2024-02-12,188.419998,188.669998,186.789993,187.149994,41781900
1,2024-02-13,185.770004,186.210007,183.509995,185.039993,56529500
1,2024-02-14,185.320007,185.529999,182.440002,184.149994,54630500
1,2024-02-15,183.550003,184.490005,181.350006,183.860001,65434500
1,2024-02-16,183.419998,184.850006,181.669998,182.309998,49701400
1,2024-02-20,181.789993,182.429993,180,181.559998,53665600
1,2024-02-21,181.940002,182.889999,180.660004,182.320007,41529700
1,2024-02-22,183.479996,184.960007,182.460007,184.369995,52292200
1,2024-02-23,185.009995,185.039993,182.229996,182.520004,45119700
1,2024-02-26,182.240005,182.759995,180.649994,181.160004,40867400
1,2024-02-27,181.100006,183.919998,179.559998,182.630005,54318900
1,2024-02-28,182.509995,183.119995,180.130005,181.419998,48953900
1,2024-02-29,181.270004,182.570007,179.529999,180.75,136682600
1,2024-03-01,179.550003,180.529999,177.380005,179.660004,73488000
1,2024-03-04,176.149994,176.899994,173.789993,175.100006,81510100
1,2024-03-05,170.759995,172.039993,169.619995,170.119995,95132400
1,2024-03-06,171.059998,171.240005,168.679993,169.119995,68587700
1,2024-03-07,169.149994,170.729996,168.490005,169,71765100
1,2024-03-08,169,173.699997,168.940002,170.729996,76114600
1,2024-03-11,172.940002,174.380005,172.050003,172.75,60139500
1,2024-03-12,173.149994,174.029999,171.009995,173.229996,59825400
1,2024-03-13,172.770004,173.190002,170.759995,171.130005,52488700
1,2024-03-14,172.910004,174.309998,172.050003,173,72913500
1,2024-03-15,171.169998,172.619995,170.289993,172.619995,121664700