company_id,Date,Open,High,Low,Close,Volume
4,2019-03-18,181.929993,182.889999,180.759995,181.830002,7847800
4,2019-03-19,181.630005,183.360001,180.850006,182.139999,10238600
4,2019-03-20,180.940002,181.949997,178.429993,181.279999,15901500
4,2019-03-21,178.949997,181.729996,178.520004,181.5,9754500
4,2019-03-22,179.770004,180.479996,175.335999,176.259995,11688400
4,2019-03-25,174.330002,178.899994,174.100006,178.770004,7511400
4,2019-03-26,179.699997,180.649994,177.095001,178.080002,7897900
4,2019-03-27,177.699997,179.830002,176.912994,177.029999,8371000
4,2019-03-28,177.470001,178.529999,175.970001,177.729996,7146800
4,2019-03-29,180.729996,182.600006,179,182.449997,13850900
4,2019-04-01,185.089996,185.559998,180.889999,180.889999,12714800
4,2019-04-02,181.460007,183.563004,180.949997,181.740005,8021500
4,2019-04-03,179.509995,180.699997,176.759995,178.320007,26811600
4,2019-04-04,177.039993,181.960007,176.889999,181.070007,16993200
4,2019-04-05,182.509995,185.5,182,185.350006,18705000
4,2019-04-08,184.190002,187.820007,184.009995,186.5,14725600
4,2019-04-09,186.490005,187.889999,186.160004,187.190002,11578200
4,2019-04-10,186.690002,187.399994,184,186.190002,10655000
4,2019-04-11,185.149994,186.059998,183.75,184.979996,8900300
4,2019-04-12,187.710007,189.789993,187.139999,188.910004,12600000
4,2019-04-15,188.059998,188.169998,182.559998,183.070007,14616600
4,2019-04-16,185.550003,185.789993,183.399994,185.779999,12195900
4,2019-04-17,187.339996,188.199997,185.779999,187.550003,11614200
4,2019-04-18,186.410004,187.279999,185.389999,186.940002,7882500
4,2019-04-22,184.5,186.470001,183.610001,185.380005,8677800
4,2019-04-23,186,188.149994,185.440002,187.289993,11410600
4,2019-04-24,186.759995,186.899994,184.580002,185.669998,9085300
4,2019-04-25,185.240005,188.130005,183.955002,187.880005,10328900
4,2019-04-26,187.880005,188.740005,185.509995,187.089996,9421100
4,2019-04-29,187.419998,188,185.759995,186.940002,8660600
4,2019-04-30,186.300003,188.25,183.820007,185.570007,15076500
4,2019-05-01,186.75,193.195007,185.880005,189.309998,17397500
4,2019-05-02,189.419998,192.699997,186.649994,190.389999,11468100
4,2019-05-03,191.880005,195.720001,191.880005,195.210007,14521100
4,2019-05-06,185.169998,189,184.830002,188.240005,23941200
4,2019-05-07,186.050003,186.449997,179.630005,181.429993,22663200
4,2019-05-08,180.949997,183.199997,178.580002,179.589996,16611100
4,2019-05-09,175.429993,180.695007,173.070007,179.039993,22727800
4,2019-05-10,180.179993,180.789993,174.100006,178,18987000
4,2019-05-13,169.789993,172.470001,168.779999,170.009995,22330700
4,2019-05-14,172.75,175.149994,171.479996,174.839996,17874100
4,2019-05-15,177.059998,180.240005,173.320999,177.600006,37610400
4,2019-05-16,178.179993,178.25,174.75,175.570007,20579200
4,2019-05-17,171.690002,172.289993,168.490005,169.570007,22539400
4,2019-05-20,164.440002,164.570007,160.020004,160.649994,33413800
4,2019-05-21,163.160004,165.589996,162.520004,163.429993,22006100
4,2019-05-22,162.410004,162.820007,158.070007,158.830002,25831200
4,2019-05-23,155.449997,158.479996,154.410004,156,26891900
4,2019-05-24,157.615005,158.429993,154.899994,155,21489700
4,2019-05-28,156.399994,157.070007,153.220001,154.809998,38603000
4,2019-05-29,153.580002,154.384995,150.710007,152.479996,30073100
4,2019-05-30,152.360001,153.369995,150.25,151.070007,17344700
4,2019-05-31,149.630005,150.679993,147.949997,149.259995,26881200
4,2019-06-03,149.600006,151.770004,148.845001,149.910004,25254400
4,2019-06-04,151.559998,155.199997,150.639999,154.149994,27417200
4,2019-06-05,155.169998,156.110001,149.309998,151.649994,23208600
4,2019-06-06,152,152.699997,150.570007,151.5,15763000
4,2019-06-07,152.949997,155.690002,152.214005,154.229996,17817800
4,2019-06-10,158.779999,161.979996,157.399994,159.850006,36473300
4,2019-06-11,164.199997,165.679993,161.925003,162.649994,23408400
4,2019-06-12,160.470001,161.699997,158.809998,160.039993,16329300
4,2019-06-13,160.550003,161.320007,159.800003,160.330002,17571400
4,2019-06-14,158.369995,158.710007,157.229996,158.100006,14981600
4,2019-06-17,157.529999,160.550003,157.419998,159.910004,16079800
4,2019-06-18,162.889999,169.110001,161.949997,165.509995,35754800
4,2019-06-19,167.770004,167.899994,163.419998,165.460007,20798100
4,2019-06-20,170.190002,170.479996,166.274994,168.25,24004700
4,2019-06-21,167.479996,169.470993,166.770004,167.550003,17415800
4,2019-06-24,168.399994,168.880005,165.779999,168.100006,18422600
4,2019-06-25,167.039993,167.339996,164.619995,165.800003,20439200
4,2019-06-26,168.279999,171.240005,168.149994,168.990005,22416400
4,2019-06-27,170.619995,171.979996,169.380005,170.899994,18349400
4,2019-06-28,170.199997,170.889999,167.960007,169.449997,19974300
4,2019-07-01,175.865005,177.949997,174.360001,175.050003,25846800
4,2019-07-02,175.130005,175.550003,174.25,175.449997,14155200
4,2019-07-03,175.690002,175.850006,173.850006,174.669998,8532600
4,2019-07-05,173.75,173.820007,172.820007,173.300003,12618600
4,2019-07-08,170.089996,170.279999,168.350006,168.449997,16531000
4,2019-07-09,167.085007,168.979996,166.5,168.800003,15782800
4,2019-07-10,171.240005,171.369995,166.860001,166.929993,16675600
4,2019-07-11,167.559998,168.423996,165,166.550003,14796400
4,2019-07-12,168,170.199997,167.649994,169.070007,18103600
4,2019-07-15,171.5,173.75,170.419998,173.5,22199000
4,2019-07-16,174.199997,175.520004,173.460007,174.190002,19039700
4,2019-07-17,172.75,176.220001,172.490005,174.820007,15031600
4,2019-07-18,173.410004,174.399994,172.059998,172.800003,15603800
4,2019-07-19,174.869995,175.149994,172.990005,172.990005,13647200
4,2019-07-22,173.5,174.279999,171.436996,174,18490900
4,2019-07-23,175.389999,178.639999,174.845001,178.089996,20881500
4,2019-07-24,178,178.960007,176.938004,178.669998,14933100
4,2019-07-25,178.490005,179.149994,175.369003,177.289993,14049000
4,2019-07-26,178.25,179.399994,176.880005,178.740005,15281000
4,2019-07-29,178.429993,179.880005,175.350006,177.020004,15130300
4,2019-07-30,174.25,175.710007,172.889999,174.100006,14300600
4,2019-07-31,173.710007,174.889999,170.089996,173.110001,14628900
4,2019-08-01,174.539993,175.714996,162.100006,165.649994,32728200
4,2019-08-02,162.559998,163.850006,160.350006,161,27104700
4,2019-08-05,155.029999,157.229996,151.850006,153.669998,28912600
4,2019-08-06,158.479996,158.729996,156.110001,157.429993,24996300
4,2019-08-07,155.729996,159.479996,155.300003,159.169998,17917400
4,2019-08-08,161.710007,162.300003,159.119995,162.220001,19267700
4,2019-08-09,160.979996,161.990005,159.110001,159.119995,11894300
4,2019-08-12,157.5,159.360001,155.539993,159.309998,13566900
4,2019-08-13,160.639999,167.360001,159.570007,164.029999,22842900
4,2019-08-14,161.339996,163,159.210007,162.059998,20803700
4,2019-08-15,170.110001,171,164.360001,166.970001,36343500
4,2019-08-16,170,177.550003,168.570007,174.600006,25952500
4,2019-08-19,177.429993,178.800003,175.589996,178.279999,16012800
4,2019-08-20,175.910004,177.990005,175.619995,177.210007,10338100
4,2019-08-21,177.220001,178.5,174.889999,175.240005,10615700
4,2019-08-22,174.100006,174.979996,170.5,171.910004,11568900
4,2019-08-23,169.690002,171.490005,163.830994,164.539993,20871500
4,2019-08-26,166.490005,167.449997,165.529999,165.899994,8640500
4,2019-08-27,167.199997,168.190002,165.190002,166.199997,12777600
4,2019-08-28,164.639999,168,164.199997,167.479996,9507400
4,2019-08-29,171,173.960007,170.949997,172.809998,11565400
4,2019-08-30,174.350006,175.25,172.660004,175.029999,10293400
4,2019-09-03,173,174.720001,172.149994,172.410004,8499300
4,2019-09-04,176.259995,176.550003,173.990005,174.330002,7208900
4,2019-09-05,176.880005,178.949997,176.520004,178.940002,11154300
4,2019-09-06,179.009995,179.220001,176.210007,176.690002,8304000
4,2019-09-09,177.880005,177.990005,175.860001,177.779999,6931700
4,2019-09-10,176.279999,176.300003,172.220001,174.990005,9835000
4,2019-09-11,176,176.660004,174.149994,176.089996,7039300
4,2019-09-12,177.889999,180.5,177,178.240005,12509400
4,2019-09-13,179.740005,180.179993,178.610001,179.169998,9479700
4,2019-09-16,177.75,179.169998,175.369995,177.070007,10725100
4,2019-09-17,176.850006,179.119995,176.050003,179,7481000
4,2019-09-18,179.149994,180.169998,177.580002,180,9233300
4,2019-09-19,180.899994,184.130005,180.429993,180.460007,15119800
4,2019-09-20,182.309998,183.820007,178.839996,182.509995,24517800
4,2019-09-23,181.25,181.330002,176.800003,176.979996,14047400
4,2019-09-24,179.169998,179.490005,171.300003,171.550003,14324600
4,2019-09-25,172.300003,176.990005,171.720001,176.660004,11766400
4,2019-09-26,177,178.229996,174.830002,175,9982400
4,2019-09-27,176,176.5,163.149994,165.979996,33287500
4,2019-09-30,169.886993,170.199997,166.449997,167.229996,14866800
4,2019-10-01,168.009995,168.229996,163.639999,165.149994,14155500
4,2019-10-02,162.820007,166.880005,161.899994,165.770004,11526500
4,2019-10-03,166.649994,170.179993,165,169.479996,10305000
4,2019-10-04,169.600006,170.699997,167.559998,170.339996,8715200
4,2019-10-07,168.830002,172.300003,167.210007,168.320007,11993000
4,2019-10-08,164.300003,165.220001,161.679993,161.929993,15833100
4,2019-10-09,165.5,166.580002,163.419998,165.190002,10943100
4,2019-10-10,165.960007,168.570007,164.089996,166.070007,11462400
4,2019-10-11,170.770004,174.880005,169.570007,172.940002,19247400
4,2019-10-14,172.839996,173.339996,170.789993,171.160004,7667600
4,2019-10-15,172.910004,176.75,172.690002,175.289993,13753000
4,2019-10-16,175.800003,177.350006,174.119995,177.119995,10858700
4,2019-10-17,178,178.589996,175.229996,176.850006,8020600
4,2019-10-18,176,176.229996,169,169.130005,14575700
4,2019-10-21,172.639999,173.910004,170.869995,173.520004,8970800
4,2019-10-22,174.529999,175.360001,169.259995,169.889999,10867100
4,2019-10-23,170.449997,171.039993,168.119995,169.919998,8853700
4,2019-10-24,171.279999,172.75,170.210007,172.550003,7397700
4,2019-10-25,171.559998,175.809998,170.880005,174.309998,9891800
4,2019-10-28,176.5,179.639999,176.410004,178.679993,11739600
4,2019-10-29,177.059998,177.740005,175.440002,176.889999,8026400
4,2019-10-30,175.419998,177.880005,173.936005,177.529999,10213200
4,2019-10-31,179.160004,179.240005,175.5,176.669998,15119000
4,2019-11-01,179.009995,182.119995,176.059998,176.460007,28924100
4,2019-11-04,180.660004,182.399994,178.020004,179.690002,44541200
4,2019-11-05,181.419998,183.199997,180.309998,182,23690200
4,2019-11-06,183.610001,185,182.199997,184.160004,14834900
4,2019-11-07,187.070007,188.070007,184.690002,186.660004,20162600
4,2019-11-08,187.901993,188.279999,185.149994,187.160004,19718100
4,2019-11-11,184.820007,187.199997,181.369995,186.710007,20561500
4,2019-11-12,185.910004,187.649994,185.139999,186.970001,11797600
4,2019-11-13,185.470001,185.673996,181,182.479996,14977700
4,2019-11-14,182.869995,184.5,181.320999,182.800003,12712800
4,2019-11-15,184,185.600006,183.710007,185.490005,11296400
4,2019-11-18,186.979996,186.979996,184.160004,184.610001,11822900
4,2019-11-19,186.309998,186.710007,183.869995,185.25,13407200
4,2019-11-20,183.669998,183.699997,181.059998,182.350006,16684600
4,2019-11-21,181.770004,184.889999,181.600006,184.860001,10254700
4,2019-11-22,185.800003,186.779999,183.934998,186.779999,10541000
4,2019-11-25,188.320007,190.720001,187.880005,190.449997,19157700
4,2019-11-26,190.389999,195,189.039993,194.699997,51832300
4,2019-11-27,197.240005,200.979996,197,200.820007,33040500
4,2019-11-29,199.809998,200.429993,198.350006,200,18593100
4,2019-12-02,198.580002,198.669998,193.509995,196.309998,19357700
4,2019-12-03,190.970001,195,189.850006,194.899994,18355300
4,2019-12-04,195.529999,196.660004,193.229996,193.740005,14849300
4,2019-12-05,196.929993,200.940002,196.429993,200,22290200
4,2019-12-06,201.110001,202,199.509995,201.889999,14087300
4,2019-12-09,200.320007,203.429993,198.550003,198.740005,14258100
4,2019-12-10,200.710007,202.479996,199.229996,200.449997,11623900
4,2019-12-11,201.100006,204.800003,200.720001,204.639999,11760000
4,2019-12-12,203.710007,206,202,204.5,22448600
4,2019-12-13,205.759995,207.100006,203.770004,204.910004,19270400
4,2019-12-16,206.330002,209.149994,206.190002,206.970001,16734300
4,2019-12-17,208.690002,208.869995,206.820007,208.179993,11287600
4,2019-12-18,208.529999,210.050003,208.039993,210,13481800
4,2019-12-19,209.610001,211.369995,209.229996,210.130005,12167300
4,2019-12-20,211.350006,213.979996,210.419998,212.25,26670000
4,2019-12-23,213.25,215.050003,212.910004,214.830002,12535000
4,2019-12-24,215.009995,215.429993,213.350006,214.259995,5523000
4,2019-12-26,214.649994,216.990005,214.330002,216.380005,6907100
4,2019-12-27,217.990005,218.110001,215.169998,215.470001,11674200
4,2019-12-30,215.779999,215.779999,211.759995,212.910004,8732600
4,2019-12-31,212,213.639999,210.729996,212.100006,6773600
4,2020-01-02,216.600006,219.979996,216.539993,219.770004,15873500
4,2020-01-03,216.350006,218.203003,216.009995,217,8604500
4,2020-01-06,214.889999,217.160004,214.089996,216.639999,11885500
4,2020-01-07,217.639999,218.940002,216.690002,217.630005,9388000
4,2020-01-08,216.600006,220.649994,216.320007,218,11959100
4,2020-01-09,221.5,223.080002,220.820007,221.779999,13122500
4,2020-01-10,223.899994,225.960007,222.061005,223.830002,12296000
4,2020-01-13,228.809998,231.139999,227.039993,230.479996,17544800
4,2020-01-14,230.050003,230.175003,224.880005,226.490005,17266900
4,2020-01-15,226.649994,227.820007,224.389999,225.059998,10743400
4,2020-01-16,226.300003,226.330002,222.729996,223.940002,13700500
4,2020-01-17,225.899994,228,225.350006,227.429993,12956200
4,2020-01-21,222.449997,222.600006,220.729996,222.259995,15831100
4,2020-01-22,224.690002,225.580002,222,222.369995,10059600
4,2020-01-23,217.929993,220.130005,216.770004,219.130005,18519900
4,2020-01-24,218.490005,219.830002,211.324997,213.75,18143900
4,2020-01-27,201.220001,208.020004,199.5,205.470001,24574700
4,2020-01-28,209.740005,210.910004,207.169998,210.229996,16196700
4,2020-01-29,212.559998,213.979996,209.520004,212.020004,12871900
4,2020-01-30,207.880005,209.860001,205.029999,208.580002,14376000
4,2020-01-31,206.5,207.929993,204.727997,206.589996,18181400
4,2020-02-03,208.669998,215.020004,208.669998,213.100006,14118800
4,2020-02-04,221.350006,224.380005,220.490005,222.880005,16695100
4,2020-02-05,226.520004,226.699997,217.539993,220.220001,15766100
4,2020-02-06,223.130005,223.649994,219.779999,220.899994,10790800
4,2020-02-07,217.460007,217.839996,214.880005,216.529999,13790300
4,2020-02-10,213.5,215.770004,212.199997,215.770004,17420300
4,2020-02-11,219.910004,220.009995,215.289993,217.210007,16073500
4,2020-02-12,221.130005,225.520004,220.210007,224.309998,18671900
4,2020-02-13,220,225,218.990005,220.360001,28069700
4,2020-02-14,221.100006,221.639999,218.229996,219.630005,10690000
4,2020-02-18,218.550003,220.850006,217.509995,220.520004,12987000
4,2020-02-19,221.520004,223.559998,220.75,222.139999,10798100
4,2020-02-20,222.5,222.5,214.220001,218.039993,14950100
4,2020-02-21,217.539993,217.600006,211.559998,212.589996,17681200
4,2020-02-24,203.550003,207.279999,202.509995,206.160004,19380200
4,2020-02-25,208.509995,209.949997,204.100006,205.610001,18132400
4,2020-02-26,206.800003,213.080002,206.789993,208.740005,19482100
4,2020-02-27,205.009995,209.970001,201.860001,205.029999,22741200
4,2020-02-28,198.979996,208.919998,198.561005,208,31251100
4,2020-03-02,208.589996,211.110001,203.755997,210.979996,21542200
4,2020-03-03,211.080002,211.389999,202.240005,207.410004,20813800
4,2020-03-04,209.490005,212.699997,208.850006,211.960007,12474400
4,2020-03-05,210,215.149994,209.139999,211.460007,13462900
4,2020-03-06,206.699997,207,201.100006,204.639999,21700500
4,2020-03-09,195.619995,199.889999,193.929993,197.660004,25502600
4,2020-03-10,205.529999,207.449997,200.800003,206.389999,19022600
4,2020-03-11,201.649994,203.100006,196.110001,198.910004,18908200
4,2020-03-12,186.5,190.487,183.929993,185.100006,30247100
4,2020-03-13,194.899994,195.990005,187.809998,194,23650500
4,2020-03-16,176.149994,188,174.5,178.850006,26628500
4,2020-03-17,181.259995,189.389999,179.690002,184.809998,19276500
4,2020-03-18,176,182.410004,170,180,22054200
4,2020-03-19,179.259995,187.25,177.389999,180.880005,20905700
4,2020-03-20,187.740005,188.300003,180,181.300003,21006100
4,2020-03-23,175.270004,178.5,169.949997,176.339996,22554700
4,2020-03-24,183.089996,188.800003,181.179993,185.75,20801500
4,2020-03-25,185.820007,195.190002,184.514999,188.559998,19605200
4,2020-03-26,188.639999,196.320007,187.600006,195.320007,15416800
4,2020-03-27,189.970001,192.740005,188,188.589996,13376400
4,2020-03-30,187.479996,191.479996,187.009995,191.270004,12254400
4,2020-03-31,192,196.789993,190.600006,194.479996,19084800
4,2020-04-01,189.5,192.869995,185.039993,187.559998,17948600
4,2020-04-02,186.080002,191.300003,185.692001,188.899994,13412100
4,2020-04-03,190.119995,190.550003,185.410004,187.110001,9483100
4,2020-04-06,194.740005,196.880005,192.699997,196.449997,13248700
4,2020-04-07,200.050003,201.449997,197.050003,198,14934500
4,2020-04-08,198.339996,198.860001,193.884003,195.979996,13608000
4,2020-04-09,198.649994,200.350006,193.399994,196.369995,17821300
4,2020-04-13,197.399994,200.324997,195.529999,199.440002,16117900
4,2020-04-14,204.949997,207.970001,204.25,204.779999,16757100
4,2020-04-15,204.770004,209.149994,201.309998,208.169998,10768100
4,2020-04-16,210.529999,213.25,209.119995,212.660004,16353800
4,2020-04-17,214.979996,214.979996,208.850998,209.5,13558500
4,2020-04-20,209.869995,216.100006,209.360001,212.130005,19295400
4,2020-04-21,209.899994,212.130005,205.029999,207.339996,14107600
4,2020-04-22,212,212,209.210007,209.960007,13471100
4,2020-04-23,210.240005,210.559998,203.460007,205.240005,20424000
4,2020-04-24,205.889999,206.5,202.820007,204.360001,14673900
4,2020-04-27,207.550003,207.779999,202.029999,203.690002,17286800
4,2020-04-28,204.809998,205.190002,199.406998,201.149994,17203800
4,2020-04-29,202.929993,207.080002,202.509995,206.699997,19117800
4,2020-04-30,206.25,206.699997,199.289993,202.669998,20107400
4,2020-05-01,195.75,197.380005,192.860001,194.479996,22276200
4,2020-05-04,194.759995,195,189.529999,191.149994,25709400
4,2020-05-05,196.380005,198.270004,194.199997,195.020004,22957200
4,2020-05-06,197.669998,198.910004,194.929993,195.169998,18598900
4,2020-05-07,198,198.089996,194.779999,196.490005,16164600
4,2020-05-08,199.800003,203.020004,198.679993,201.190002,23819700
4,2020-05-11,202.779999,206.639999,202.380005,205.399994,17920700
4,2020-05-12,206.949997,208.050003,200.020004,200.309998,17826800
4,2020-05-13,203.619995,204.679993,197.979996,199.460007,22429700
4,2020-05-14,195.5,201.770004,194.029999,201.300003,20025900
4,2020-05-15,200.699997,204.490005,200.100006,203.679993,17209500
4,2020-05-18,212.5,215.470001,210.369995,215.279999,23556600
4,2020-05-19,216.729996,220.589996,215.190002,217.199997,21438100
4,2020-05-20,220,221.156998,210.580002,216.789993,38324100
4,2020-05-21,211.289993,214.580002,209.529999,212.160004,29850700
4,2020-05-22,203.229996,204.880005,198.990005,199.699997,51979300
4,2020-05-26,205.940002,206.800003,201,201.720001,28683200
4,2020-05-27,202.990005,202.990005,196.75,201.179993,23605400
4,2020-05-28,199,202.369995,197.619995,199.490005,18763200
4,2020-05-29,200,207.880005,196.699997,207.389999,43179500
4,2020-06-01,205.899994,207.199997,203.940002,206.570007,16169700
4,2020-06-02,207.210007,214.570007,207.169998,214.330002,22485800
4,2020-06-03,215.600006,218.970001,213.75,218.610001,19999500
4,2020-06-04,217.279999,220,216.320007,218.039993,14962400
4,2020-06-05,220,220.589996,218.699997,219.550003,11983200
4,2020-06-08,219.600006,220.399994,215.330002,219,12731200
4,2020-06-09,216.309998,220.720001,216.199997,220.720001,14140100
4,2020-06-10,222,225,220.600006,223.679993,13372400
4,2020-06-11,218,219.949997,213.559998,215.240005,15560300
4,2020-06-12,218.5,219.5,213.880005,217.639999,12716500
4,2020-06-15,214.110001,217.720001,212.75,217.029999,17419900
4,2020-06-16,221,224.839996,220.100006,222.619995,17212400
4,2020-06-17,224.399994,225,222.5,224.25,12486700
4,2020-06-18,223.740005,226.029999,222.919998,223.539993,10358800
4,2020-06-19,226.380005,226.5,220.089996,220.639999,19545200
4,2020-06-22,220.919998,222.080002,219.445007,221.410004,13303600
4,2020-06-23,225.119995,230.225006,224.529999,228.75,18263400
4,2020-06-24,228.300003,231.029999,224.251999,226.220001,12159500
4,2020-06-25,224.589996,224.690002,220.869995,222.160004,14953100
4,2020-06-26,222.210007,222.259995,213.5,215.710007,19340600
4,2020-06-29,215.029999,216.5,211.820007,215.020004,12333000
4,2020-06-30,215.740005,216.429993,212.889999,215.699997,12933800
4,2020-07-01,215.809998,216.550003,214.740005,215.949997,11788100
4,2020-07-02,221.850006,225.024994,220.059998,223.600006,18128700
4,2020-07-06,233.309998,240.479996,232.820007,240,33702900
4,2020-07-07,241.009995,241.300003,236.130005,236.509995,16491600
4,2020-07-08,244.860001,258.48999,244.020004,257.679993,39922700
4,2020-07-09,265.549988,268,255.910004,261.579987,36803900
4,2020-07-10,260.209991,261.899994,255.710007,261.01001,20335000
4,2020-07-13,261.450012,265.660004,250.679993,251.669998,21568700
4,2020-07-14,246.570007,249.75,241.229996,248.580002,19782600
4,2020-07-15,251.479996,252.5,246.539993,249.210007,12614700
4,2020-07-16,241.770004,245.050003,240.740005,242.5,18032100
4,2020-07-17,246.550003,247.929993,244.479996,247.139999,18742400
4,2020-07-20,256.450012,257.670013,252.429993,254.809998,19015000
4,2020-07-21,261.209991,261.920013,256.519989,257.899994,17120700
4,2020-07-22,255.759995,256.269989,249.600006,251.699997,19682200
4,2020-07-23,252.100006,257.660004,248.690002,251.880005,25712000
4,2020-07-24,244.960007,249.479996,241.889999,249,17221500
4,2020-07-27,247.110001,252.869995,245.809998,250.860001,18966900
4,2020-07-28,251.149994,251.649994,248.529999,249.050003,9878700
4,2020-07-29,250.339996,254.300003,250.100006,252.449997,11493600
4,2020-07-30,251.699997,253.860001,249.619995,252.740005,7032900
4,2020-07-31,254.199997,254.399994,248.100006,251.020004,12304100
4,2020-08-03,254.020004,260.649994,254,257.940002,11530300
4,2020-08-04,260.079987,262.559998,258.820007,262.200012,10994500
4,2020-08-05,263.73999,265.976013,261.755005,264.910004,10673800
4,2020-08-06,263.420013,265.700012,259.200012,265.679993,10359500
4,2020-08-07,257.410004,257.76001,247.570007,252.100006,22529600
4,2020-08-10,249.339996,251.75,246.100006,248.130005,13621700
4,2020-08-11,251.289993,252.880005,247.830002,248.419998,10681800
4,2020-08-12,249.25,256.079987,248.679993,255.190002,11112300
4,2020-08-13,256.390015,256.970001,252.880005,253.720001,8794500
4,2020-08-14,255.490005,255.770004,251.639999,253.970001,7876400
4,2020-08-17,253,257.375,250.085007,256.959991,9760000
4,2020-08-18,258.709991,261.420013,256.059998,259.200012,13267800
4,2020-08-19,260.890015,261.290009,257.380005,260.589996,14096500
4,2020-08-20,256.890015,258.880005,254.179993,257.970001,21460800
4,2020-08-21,259.029999,267.429993,258.309998,265.799988,25648200
4,2020-08-24,273.23999,276.970001,271.619995,276.019989,22475800
4,2020-08-25,278.059998,289.119995,276.040009,286,27535500
4,2020-08-26,289.26001,292.480011,284.100006,291.959991,19530300
4,2020-08-27,290.170013,290.25,282.100006,284.170013,14805800
4,2020-08-28,285.089996,289.5,283.570007,289,9681500
4,2020-08-31,288.619995,289.190002,283.609985,287.029999,13253800
4,2020-09-01,289.200012,298,288.869995,298,13797100
4,2020-09-02,299,299,289.790009,296.070007,12638600
4,2020-09-03,289,290.733002,278.160004,282.5,16766200
4,2020-09-04,279.600006,283.779999,267.390015,281.390015,15885800
4,2020-09-08,270.230011,273.970001,266.589996,270.019989,12734000
4,2020-09-09,274.450012,275.640015,270.880005,273.149994,9465700
4,2020-09-10,274.899994,277.100006,267.399994,267.549988,10676800
4,2020-09-11,272.630005,274.529999,268.119995,271.609985,9412800
4,2020-09-14,275.359985,276.290009,271.76001,274.100006,7883300
4,2020-09-15,278,279.100006,274.799988,277.959991,8291400
4,2020-09-16,281.029999,283.605011,278,278.140015,9583500
4,2020-09-17,273.109985,275.899994,272.321014,275.720001,8016900
4,2020-09-18,275.980011,277.269989,270.549988,272.410004,11753500
4,2020-09-21,269.100006,274.220001,266.399994,273.820007,9076400
4,2020-09-22,276.019989,276.320007,270.049988,275.290009,9673300
4,2020-09-23,275.399994,277.829987,271.5,272.950012,7353200
4,2020-09-24,267.929993,271.25,267.334015,269.730011,9562100
4,2020-09-25,267.570007,271.809998,264.559998,271.089996,11466600
4,2020-09-28,275.529999,278.839996,274.199005,276.01001,8761700
4,2020-09-29,275.429993,279.299988,274.899994,276.929993,7673300
4,2020-09-30,284.01001,295,283.709991,293.980011,24777700
4,2020-10-01,295.26001,295.589996,288.25,290.049988,16304000
4,2020-10-02,286.619995,291.979004,286.51001,288.170013,11482800
4,2020-10-05,289.059998,290,284.880005,288.269989,17876400
4,2020-10-06,287.410004,296.839996,286.910004,292.390015,15860400
4,2020-10-07,297.98999,299.51001,292.869995,296.5,16669300
4,2020-10-08,298.109985,302.299988,295.44101,300.540009,15105800
4,2020-10-09,298.549988,302.609985,297.73999,299.73999,11442200
4,2020-10-12,303.950012,309.640015,301.285004,306.339996,14780100
4,2020-10-13,306.359985,310.01001,303.029999,308.779999,10898500
4,2020-10-14,309,309.959991,300.799988,301.040009,15157800
4,2020-10-15,293.799988,299.863007,292.609985,299.459991,9709900
4,2020-10-16,303.98999,310,302.950012,307.309998,12338000
4,2020-10-19,309.890015,313.809998,303.410004,305.290009,14107300
4,2020-10-20,307.600006,311.799988,307.059998,309.809998,8806100
4,2020-10-21,311.75,314,307.700012,307.970001,11139700
4,2020-10-22,311.459991,311.850006,304.209991,306.279999,8008400
4,2020-10-23,307.269989,310.329987,304.059998,309.920013,6231400
4,2020-10-26,309.920013,315.459991,303.200012,306.869995,9350100
4,2020-10-27,307.75,319.320007,305.609985,317.140015,13175900
4,2020-10-28,313.5,313.5,306,307.940002,13644500
4,2020-10-29,309.440002,315.579987,308.910004,312.559998,11174500
4,2020-10-30,308.549988,310.829987,300.190002,304.690002,14918500
4,2020-11-02,310.950012,311.440002,305.390015,310.839996,11857600
4,2020-11-03,286.200012,294.279999,280.779999,285.570007,58132500
4,2020-11-04,287.790009,299.170013,285.299988,295.709991,28791200
4,2020-11-05,289.089996,291.25,279.600006,287.75,50065200
4,2020-11-06,291.48999,300.890015,289.786011,299.950012,25259600
4,2020-11-09,303.769989,304,290.5,290.529999,22559900
4,2020-11-10,279.970001,280,264.329987,266.540009,61064000
4,2020-11-11,261.920013,271.920013,261.204987,265.649994,41699000
4,2020-11-12,271.040009,271.200012,263.040009,264.309998,27119100
4,2020-11-13,264.720001,265.440002,257.170013,260.839996,33942800
4,2020-11-16,260.420013,262.570007,257.029999,258.309998,20864200
4,2020-11-17,260.279999,260.279999,256.540009,256.799988,19739500
4,2020-11-18,257.76001,258.309998,252.550003,255.830002,28307100
4,2020-11-19,255,261.399994,253.559998,259.890015,20752800
4,2020-11-20,263.970001,272.369995,261.899994,270.73999,34178400
4,2020-11-23,274.75,275.730011,266.411011,270.109985,25317100
4,2020-11-24,276.234985,280.609985,272.799988,279.959991,20660500
4,2020-11-25,275.700012,279.329987,274.049988,277.720001,15229300
4,2020-11-27,278.799988,278.920013,275.665985,276.480011,9583200
4,2020-11-30,268.970001,268.970001,262.519989,263.359985,30476100
4,2020-12-01,265.470001,265.670013,261.570007,264.01001,14573100
4,2020-12-02,262,263.100006,260.109985,261.320007,13919700
4,2020-12-03,263.779999,268.600006,263.140015,266.910004,15520500
4,2020-12-04,271.019989,271.299988,266.269989,267.25,15527600
4,2020-12-07,265.700012,265.970001,262.600006,264,11388700
4,2020-12-08,265.200012,268.399994,263.869995,266.089996,9447700
4,2020-12-09,267.559998,267.910004,263.100006,263.799988,9060700
4,2020-12-10,261.98999,266.089996,261.200012,264.869995,10290300
4,2020-12-11,264.290009,265.320007,262.5,264.540009,7771300
4,2020-12-14,260.320007,260.855011,256.029999,256.029999,18369900
4,2020-12-15,255.339996,255.679993,252.300003,255.110001,16595600
4,2020-12-16,257.73999,263.179993,257.040009,261.890015,15804800
4,2020-12-17,264.700012,264.850006,260.200012,264.429993,14306600
4,2020-12-18,263.899994,264.899994,259.200012,260,15981800
4,2020-12-21,255.169998,260.459991,254.5,260.429993,10901800
4,2020-12-22,257.869995,258.339996,255.410004,255.830002,11468400
4,2020-12-23,255.5,257.350006,252.529999,256.179993,10729200
4,2020-12-24,228.235001,229.899994,211.229996,222,141830000
4,2020-12-28,216.880005,224.990005,215.320007,222.360001,73512100
4,2020-12-29,231.759995,239.190002,229.600006,236.259995,69715900
4,2020-12-30,243.348007,243.389999,234.645004,238.389999,44812300
4,2020-12-31,237.460007,238.919998,231.026993,232.729996,23451800
4,2021-01-04,226.5,230.380005,225.039993,227.850006,24897900
4,2021-01-05,229.050003,240.759995,228.119995,240.399994,35823800
4,2021-01-06,234.949997,238.300003,225.860001,227.610001,37146100
4,2021-01-07,229.309998,229.949997,220.089996,226.899994,49361800
4,2021-01-08,227.880005,238.600006,226.682999,236.190002,34884900
4,2021-01-11,229.899994,230.824997,225.860001,227.369995,23036900
4,2021-01-12,228.384995,229.75,225.139999,225.600006,18969900
4,2021-01-13,229.940002,240.490005,226.289993,235.300003,38805100
4,2021-01-14,245.309998,245.699997,241.470001,242.979996,31381600
4,2021-01-15,246.25,246.990005,242.149994,243.460007,21561600
4,2021-01-19,250,252.880005,246.990005,251.649994,23681900
4,2021-01-20,267.5,269,262.700012,265.48999,44640800
4,2021-01-21,264.130005,264.600006,257.899994,260,20709900
4,2021-01-22,256.799988,260.329987,255.5,258.619995,13518200
4,2021-01-25,263.619995,265.200012,257.850006,261.380005,19478600
4,2021-01-26,263.799988,266,261.119995,265.920013,14681200
4,2021-01-27,265.130005,265.920013,259.950012,260.25,16050400
4,2021-01-28,259.170013,261.570007,257.329987,260.76001,10244900
4,2021-01-29,256.029999,258.899994,252.300003,253.830002,14693000
4,2021-02-01,258.799988,265,255.195007,264.690002,15289300
4,2021-02-02,264.570007,265,254.039993,254.5,30534300
4,2021-02-03,264.700012,268.279999,261.25,263.429993,29179700
4,2021-02-04,269.579987,269.98999,265.558014,266.959991,16763000
4,2021-02-05,264.609985,266.450012,263.209991,265.670013,11018700
4,2021-02-08,264.980011,265,261.820007,262.589996,10721100
4,2021-02-09,263,267.200012,262.540009,266.48999,12432800
4,2021-02-10,268.700012,270.399994,264.600006,267.790009,13090800
4,2021-02-11,268.75,274.26001,267.200012,268.929993,15295800
4,2021-02-12,269.089996,270.25,265.679993,267.850006,9355100
4,2021-02-16,271,274.290009,270.399994,270.700012,16708700
4,2021-02-17,270.890015,272.31601,267.809998,270.829987,13262400
4,2021-02-18,265.230011,266.179993,262.329987,264.51001,15382300
4,2021-02-19,266.049988,269.390015,262.850006,263.589996,14718400
4,2021-02-22,257.98999,259.459991,254,254,14403500
4,2021-02-23,247.309998,254.899994,241.619995,252.75,15980300
4,2021-02-24,252,252,248.100006,250.339996,12831700
4,2021-02-25,250,250.339996,240.070007,240.179993,17967300
4,2021-02-26,244.630005,244.899994,237.649994,237.759995,17470700
4,2021-03-01,241.050003,242.789993,239.259995,241.690002,14043300
4,2021-03-02,238.789993,241.199997,234.270004,234.419998,14644200
4,2021-03-03,237.5,239.608994,234.451004,236.270004,13571700
4,2021-03-04,235,236.369995,228.360001,230.5,22964800
4,2021-03-05,235.419998,236.429993,228.339996,233.889999,15988400
4,2021-03-08,229.020004,230.809998,226.529999,226.690002,17138400
4,2021-03-09,233.380005,238.740005,233.074997,238.139999,15291300
4,2021-03-10,241,241.324997,233.639999,234.300003,10491200
4,2021-03-11,237.199997,241.720001,235,240.800003,15162500
4,2021-03-12,233.695007,235.449997,229.705994,231.869995,17778400
4,2021-03-15,228.410004,230.449997,226.259995,230.279999,14499700
4,2021-03-16,228.070007,229.850006,225.529999,226.929993,19336600
4,2021-03-17,226.5,235.630005,225.809998,233.339996,16949500
4,2021-03-18,238.559998,239.5,235.559998,236.429993,14822300
4,2021-03-19,239.660004,241.600006,236.884003,239.789993,15959700
4,2021-03-22,235.854996,238.529999,235,237.119995,12063200
4,2021-03-23,237.300003,241.119995,235.5,237.669998,12295600
4,2021-03-24,236.830002,237.300003,229.240005,229.589996,15949900
4,2021-03-25,225,229.240005,222.5,222.720001,24819800
4,2021-03-26,222,229.238998,220.419998,227.259995,22030800
4,2021-03-29,225.490005,232.380005,225.100006,231.860001,18029100
4,2021-03-30,229.270004,230.449997,226.639999,229.25,14828700
4,2021-03-31,229.889999,231.520004,226.470001,226.729996,16825400
4,2021-04-01,230.679993,231.25,223.5,224.360001,23497500
4,2021-04-05,226.529999,226.570007,222.520004,225.300003,14962100
4,2021-04-06,226.029999,232,225.740005,230.570007,18100400
4,2021-04-07,226.110001,228.190002,224.800003,225.419998,18034900
4,2021-04-08,228.5,229.419998,226.619995,228.240005,12211300
4,2021-04-09,224.850006,225.070007,221.320007,223.309998,19763000
4,2021-04-12,237.889999,244.910004,236.649994,244.009995,57500300
4,2021-04-13,243.660004,245.690002,239.690002,241.889999,20793000
4,2021-04-14,244.369995,245.089996,238.649994,239.229996,12405200
4,2021-04-15,240,240.949997,238.126999,239.089996,11288900
4,2021-04-16,241.889999,241.889999,237.820007,238.690002,14418800
4,2021-04-19,237.440002,238.419998,232.809998,234.779999,11216000
4,2021-04-20,232.869995,234.630005,228.429993,229.880005,12093900
4,2021-04-21,229.330002,229.490005,226.070007,229.440002,14315900
4,2021-04-22,228.764999,234,227.820007,229.350006,11986200
4,2021-04-23,230.649994,233,230.509995,232.080002,8967000
4,2021-04-26,231.5,233.490005,230.820007,232.699997,7792900
4,2021-04-27,233.440002,236.929993,232.080002,235.919998,11646300
4,2021-04-28,237.570007,239.220001,236.330002,236.720001,9187700
4,2021-04-29,237.789993,238.050003,232.600006,234.179993,9552800
4,2021-04-30,231.770004,233.850006,230.509995,230.949997,9326400
4,2021-05-03,231.270004,236.169998,230.404999,230.710007,13620900
4,2021-05-04,230.25,231.479996,225.449997,227.899994,13260500
4,2021-05-05,228,229.300003,226.729996,226.779999,10013800
4,2021-05-06,227.110001,228.440002,222.880005,226.419998,12247700
4,2021-05-07,227.899994,228.789993,225.050003,225.309998,10550000
4,2021-05-10,222.869995,222.869995,218.559998,219.529999,17266700
4,2021-05-11,213.710007,221.389999,213,221.380005,13887700
4,2021-05-12,224.740005,225.289993,219,219.899994,20366900
4,2021-05-13,213.149994,215.5,204.389999,206.080002,51693900
4,2021-05-14,209.923996,210.940002,206.020004,209.509995,31626800
4,2021-05-17,210.615005,213.149994,209.440002,211.050003,20529800
4,2021-05-18,212.5,215.169998,211.419998,213.720001,19519400
4,2021-05-19,211.100006,212.910004,210.119995,212.539993,17030400
4,2021-05-20,212.994995,217.630005,212.630005,216.990005,19123400
4,2021-05-21,215.229996,215.889999,209.869995,211.059998,22825500
4,2021-05-24,210.029999,212.009995,208.699997,210.440002,15884200
4,2021-05-25,212.830002,214.050003,211.009995,211.130005,14116100
4,2021-05-26,212.300003,213.75,211.539993,211.779999,9405800
4,2021-05-27,214.169998,215.460007,212.529999,212.740005,18680200
4,2021-05-28,212.759995,214.529999,212.059998,213.960007,10401500
4,2021-06-01,223.020004,223.130005,218.240005,219.479996,23052800
4,2021-06-02,219.429993,219.940002,217.460007,219.589996,13126400
4,2021-06-03,218,218.699997,216.304993,217.039993,12448100
4,2021-06-04,218.279999,219.080002,217.139999,219.020004,8999100
4,2021-06-07,218,218.399994,215.690002,216.899994,9928600
4,2021-06-08,217.289993,218.229996,214.740005,215.820007,9443000
4,2021-06-09,215.210007,216.570007,213.309998,213.320007,10233600
4,2021-06-10,213.5,214.800003,212.210007,213.070007,10735900
4,2021-06-11,213.449997,213.460007,211,211.639999,12276600
4,2021-06-14,212.25,215.164993,212.244003,213.940002,10773100
4,2021-06-15,214.169998,214.490005,209.639999,210.059998,12167000
4,2021-06-16,209.75,211.619995,208.225998,209.320007,10917800
4,2021-06-17,209.899994,212.490005,209.770004,211.600006,11233700
4,2021-06-18,212.009995,213.839996,210.589996,212.300003,13724600
4,2021-06-21,210.550003,211.779999,208.990005,211.059998,9273800
4,2021-06-22,210.419998,211.660004,209.860001,211.320007,11092100
4,2021-06-23,214.190002,216.330002,213.130005,214.860001,13785800
4,2021-06-24,216.990005,219.580002,215.559998,218.380005,13488200
4,2021-06-25,221.710007,230.25,221.100006,228.5,27383900
4,2021-06-28,229.5,230.889999,226.720001,228.589996,13564900
4,2021-06-29,226.699997,229.639999,225.602005,229.440002,10273800
4,2021-06-30,226.990005,227.979996,225.679993,226.779999,9348600
4,2021-07-01,228.070007,228.850006,221.550003,221.869995,13316400
4,2021-07-02,219.160004,219.5,216.460007,217.75,12989200
4,2021-07-06,215.320007,215.399994,209.373001,211.600006,23719900
4,2021-07-07,211.610001,212.050003,207.820007,208,18340400
4,2021-07-08,201.710007,202.279999,198.259995,199.850006,33992500
4,2021-07-09,202.050003,207.268005,201.5,205.940002,16911300
4,2021-07-12,203.899994,206.455002,203.020004,205.479996,11259500
4,2021-07-13,209.229996,212.809998,208.190002,209.509995,17375900
4,2021-07-14,215.5,216.350006,211.029999,211.5,19484200
4,2021-07-15,215.110001,216.600006,213.160995,214.759995,14283600
4,2021-07-16,214.850006,215.199997,211.460007,212.100006,11150200
4,2021-07-19,206.100006,209.080002,203.240005,208.910004,15865800
4,2021-07-20,209,211.5,207.466995,210.589996,9986800
4,2021-07-21,209.149994,211.850006,208.419998,211.080002,7650300
4,2021-07-22,212.639999,216.389999,212.600006,214.039993,10563100
4,2021-07-23,206.289993,206.889999,203.559998,206.529999,25539900
4,2021-07-26,198.369995,198.574997,190.880005,191.759995,55736800
4,2021-07-27,183.589996,186.899994,179.669998,186.070007,59265700
4,2021-07-28,190.229996,198,189.759995,196.009995,34535200
4,2021-07-29,201.044998,201.139999,194.910004,197.539993,23363200
4,2021-07-30,190.580002,196.044998,190.490005,195.190002,17250600
4,2021-08-02,196.270004,202.070007,196.25,200.089996,17889200
4,2021-08-03,195.009995,197.440002,192,197.380005,20115900
4,2021-08-04,197.490005,203.274994,196.910004,200.710007,22327300
4,2021-08-05,199.270004,200.289993,197.639999,199.279999,9881400
4,2021-08-06,199.25,199.320007,195.679993,196.389999,11967700
4,2021-08-09,194.580002,195.5,192.820007,195.25,14657200
4,2021-08-10,197.270004,198.449997,195.072998,195.729996,9983700
4,2021-08-11,196.600006,196.919998,194.729996,194.860001,8985100
4,2021-08-12,191.169998,192.979996,189.684998,191.660004,12873400
4,2021-08-13,188.610001,189.259995,186.710007,188.619995,15377000
4,2021-08-16,185,186.259995,181.509995,182.710007,21020700
4,2021-08-17,175.919998,177.889999,173.149994,173.729996,40558000
4,2021-08-18,174.100006,175.360001,172.110001,172.350006,34339800
4,2021-08-19,166.699997,167.264008,159.509995,160.550003,66663000
4,2021-08-20,164.119995,166.929993,155.5,157.960007,75948900
4,2021-08-23,159.279999,161.470001,152.800003,161.059998,88699200
4,2021-08-24,169.039993,174.151993,168.158005,171.699997,62786400
4,2021-08-25,168.699997,169.610001,166.080002,169.100006,26055400
4,2021-08-26,167.460007,168.449997,164.820007,165.240005,18816500
4,2021-08-27,159.990005,161.770004,158.550003,159.470001,31718100
4,2021-08-30,160.169998,163.289993,158.229996,162.289993,23769400
4,2021-08-31,167.699997,169,166.139999,166.990005,24629100
4,2021-09-01,169.559998,174.789993,169.330002,173.279999,29550200
4,2021-09-02,178.009995,178.179993,171.669998,172,29302400
4,2021-09-03,169.524994,172.059998,168.880005,170.300003,16423500
4,2021-09-07,174.149994,176.839996,173.369995,175.160004,24608500
4,2021-09-08,174.25,174.369995,169.259995,170.710007,18993000
4,2021-09-09,167.300003,169.039993,165.580002,167.320007,17295800
4,2021-09-10,171.199997,171.639999,167.610001,168.100006,15064300
4,2021-09-13,164.490005,166.862,163.020004,165.410004,15458600
4,2021-09-14,162.860001,163.069,159.479996,160.149994,20925900
4,2021-09-15,157.949997,158.029999,153.919998,157.860001,31796600
4,2021-09-16,154.919998,157.639008,153.669998,156.259995,24358900
4,2021-09-17,158.479996,160.380005,158.089996,160.050003,25489000
4,2021-09-20,154.399994,155.139999,149.089996,151.490005,36177500
4,2021-09-21,151.580002,152.580002,149.570999,150.179993,19494700
4,2021-09-22,151.470001,154,151.020004,151.889999,19832000
4,2021-09-23,152.580002,152.679993,149.610001,151.190002,24707500
4,2021-09-24,147.710007,148,144.570007,145.080002,32067400
4,2021-09-27,144.919998,150.990005,144.440002,150.179993,24287400
4,2021-09-28,152.160004,153.729996,148.860001,152.389999,26299600
4,2021-09-29,150.460007,152.100006,147.479996,147.580002,17361300
4,2021-09-30,147.029999,149.580002,146.863998,148.050003,14291500
4,2021-10-01,147.089996,148.449997,143.339996,144.199997,20211000
4,2021-10-04,141.699997,141.899994,138.429993,139.630005,25218500
4,2021-10-05,139.380005,143.830002,139.190002,143.139999,14032100
4,2021-10-06,140.559998,144.891998,139.960007,144.100006,14875900
4,2021-10-07,151.050003,158.289993,150.75,156,46035900
4,2021-10-08,159.860001,162.779999,157.910004,161.520004,33499200
4,2021-10-11,169.610001,169.800003,163.949997,163.949997,42193600
4,2021-10-12,163.824997,165.729996,162.240005,163,24512700
4,2021-10-13,164.380005,168.264999,163.600006,167.399994,18595000
4,2021-10-14,168.259995,168.990005,164.460007,166.779999,17403700
4,2021-10-15,166.990005,169.800003,165.434998,168,20762800
4,2021-10-18,166.580002,169.25,166.580002,166.820007,18945900
4,2021-10-19,170.600006,177.440002,170.449997,177,33538900
4,2021-10-20,180.949997,182.089996,176.130005,177.179993,33714400
4,2021-10-21,177,179.779999,176.710007,177.419998,16444000
4,2021-10-22,179.080002,182.089996,175.809998,177.699997,20807300
4,2021-10-25,177.860001,178.279999,173.830002,176.169998,13119700
4,2021-10-26,174.479996,174.899994,167.479996,169.990005,17577000
4,2021-10-27,167.529999,172.449997,167.339996,169.229996,11801800
4,2021-10-28,168.490005,170.350006,166.770004,169.789993,12440100
4,2021-10-29,167.070007,168.559998,162.720001,164.940002,17155400
4,2021-11-01,165.839996,171.895004,165.800003,170.169998,17609500
4,2021-11-02,167.100006,167.100006,162.759995,162.899994,19072900
4,2021-11-03,165.360001,166.649994,163.110001,166.240005,13569700
4,2021-11-04,169.279999,169.940002,164.5,164.789993,16669200
4,2021-11-05,164.794998,164.794998,158.300003,158.729996,22098200
4,2021-11-08,161.764999,162.160004,159.479996,162.160004,16223100
4,2021-11-09,162.160004,164.479996,159.539993,160.190002,14010100
4,2021-11-10,163.679993,166.479996,161.820007,163.970001,17216800
4,2021-11-11,166.559998,169.630005,166.559998,167.850006,16747500
4,2021-11-12,165.173996,167.800003,163.399994,166.809998,13741800
4,2021-11-15,167.220001,168.460007,165.669998,166.539993,9655700
4,2021-11-16,168.600006,169.940002,166.669998,168.429993,11887500
4,2021-11-17,168.020004,168.300003,161.134995,161.580002,18829500
4,2021-11-18,146.910004,148.5,141.889999,143.600006,61571500
4,2021-11-19,143.039993,145.059998,140,140.339996,28575700
4,2021-11-22,139.899994,140.699997,135.210007,136.619995,26390400
4,2021-11-23,136.031998,136.850006,133.309998,133.660004,24102900
4,2021-11-24,133.100006,136.759995,131.220001,136.520004,20010400
4,2021-11-26,132.929993,133.979996,131.220001,133.350006,14814900
4,2021-11-29,134.25,134.550003,130.550003,131.610001,18648900
4,2021-11-30,129.901001,131.320007,126.129997,127.529999,32625400
4,2021-12-01,128.369995,129.154999,121.900002,122.489998,29203800
4,2021-12-02,123.019997,125,119.339996,122,34478600
4,2021-12-03,118,118.190002,108.699997,111.959999,70266500
4,2021-12-06,113.639999,123.82,113.43,123.599998,43111400
4,2021-12-07,129.300003,129.449997,123.459999,125.540001,38542800
4,2021-12-08,123.209999,126.970001,121.32,125.080002,22275000
4,2021-12-09,124.629997,127.760002,123.211998,123.910004,23499300
4,2021-12-10,123.220001,125.209999,122.779999,125.059998,15008300
4,2021-12-13,123,123.25,119.75,122.239998,15820500
4,2021-12-14,120.93,127.650002,120.300003,126.580002,17691500
4,2021-12-15,122.629997,123.589996,117.769997,122.470001,24893500
4,2021-12-16,122.32,125.690002,118.900002,120.25,22533400
4,2021-12-17,119.489998,122.870003,117.809998,122.099998,19781100
4,2021-12-20,118.5,118.830002,113.695,115,23970500
4,2021-12-21,116.849998,122.980003,116.599998,122.980003,18036300
4,2021-12-22,117.089996,118.660004,115.150002,117.809998,24502000
4,2021-12-23,116.800003,119.589996,115.389999,118.660004,17563300
4,2021-12-27,117.800003,121.800003,116.101997,116.589996,17864400
4,2021-12-28,116.260002,116.419998,114.470001,114.800003,17052100
4,2021-12-29,113.800003,114.199997,110.379997,112.089996,21100500
4,2021-12-30,112.629997,124.300003,112.300003,122.989998,45437100
4,2021-12-31,121.230003,122.910004,118.589996,118.790001,24287000
4,2022-01-03,119.379997,121.949997,115.82,120.379997,16775300
4,2022-01-04,119.529999,120.870003,115.769997,119.559998,20824000
4,2022-01-05,118,126.620003,117.699997,121.160004,36651100
4,2022-01-06,124.260002,128.399994,123.464996,126.629997,32045800
4,2022-01-07,130.240005,133.880005,128.179993,129.809998,38113000
4,2022-01-10,131.990005,132.600006,126.230003,128.300003,23372200
4,2022-01-11,129.210007,134.229996,127.470001,132.190002,23616400
4,2022-01-12,136.020004,138.699997,135.585007,137.410004,25961100
4,2022-01-13,135.199997,135.919998,131.300003,131.369995,19887700
4,2022-01-14,132.809998,134.360001,129.350006,131.570007,18614900
4,2022-01-18,126.269997,132.130005,124.82,128.600006,26122200
4,2022-01-19,128.100006,130.860001,127.129997,127.739998,14665200
4,2022-01-20,135.770004,136.75,130.679993,131.029999,28966400
4,2022-01-21,128.229996,128.960007,122.521004,123.230003,26341400
4,2022-01-24,119.32,120.779999,115.32,120.370003,28509300
4,2022-01-25,119.910004,122.459999,118.040001,119.139999,22224100
4,2022-01-26,120.93,120.93,112.961998,113.370003,27513200
4,2022-01-27,113.110001,114.540001,110.269997,111.790001,21472700
4,2022-01-28,113.25,115.32,110.059998,115.230003,18892400
4,2022-01-31,118.169998,125.870003,117.5,125.790001,20346500
4,2022-02-01,124.809998,128,122.970001,127.220001,15036100
4,2022-02-02,127.629997,127.629997,121.169998,122.879997,14050100
4,2022-02-03,121.550003,125.269997,120.730003,123.470001,16651500
4,2022-02-04,121.269997,123.940002,119.660004,122.220001,13538200
4,2022-02-07,116.099998,116.550003,113.599998,114.82,28589200
4,2022-02-08,118.160004,122.239998,116.800003,121.900002,22340500
4,2022-02-09,123.089996,126.800003,121.940002,126.5,18253600
4,2022-02-10,124.110001,128.339996,123.400002,123.980003,16116600
4,2022-02-11,125.334999,126.720001,121.940002,122.25,13889900
4,2022-02-14,120.559998,122.384003,119.370003,121.919998,13154900
4,2022-02-15,123.769997,126.805,123.377998,126.239998,14634700
4,2022-02-16,125.610001,127.580002,124.510002,125.559998,17993300
4,2022-02-17,125,129.399994,124.056,124.43,15906000
4,2022-02-18,120.879997,120.879997,117.199997,118.989998,21201400
4,2022-02-22,114,114.849998,112.059998,112.93,21755100
4,2022-02-23,115.099998,115.400002,109.599998,109.720001,24489200
4,2022-02-24,100.073997,108.949997,100.019997,108.93,35294700
4,2022-02-25,107.889999,108.550003,104,107.940002,21428400
4,2022-02-28,105.970001,107.489998,103.639999,105.190002,23063500
4,2022-03-01,105.849998,111.25,105.849998,107.089996,21218500
4,2022-03-02,107.389999,107.389999,103.239998,105.419998,20791800
4,2022-03-03,106.029999,106.629997,101.07,102.050003,21725900
4,2022-03-04,100.290001,104.389999,99.330002,100.599998,24574700
4,2022-03-07,99.559998,103.360001,98.599998,98.660004,20679400
4,2022-03-08,99.32,100.910004,95.57,97.5,23275500
4,2022-03-09,100.260002,100.970001,98.32,100.93,20853600
4,2022-03-10,95.190002,95.699997,90.82,92.919998,37671200
4,2022-03-11,93.260002,93.949997,86.68,86.709999,39341800
4,2022-03-14,80.699997,82.449997,77.080002,77.760002,69992600
4,2022-03-15,75.099998,80.139999,73.279999,76.760002,86209300
4,2022-03-16,92,105.739998,87.120003,104.980003,159834300
4,2022-03-17,99.139999,101.889999,95.769997,100.370003,80663200
4,2022-03-18,100.5,111.739998,99.599998,108.300003,83781800
4,2022-03-21,102.809998,105.68,98.699997,103.589996,58882900
4,2022-03-22,114.010002,118.239998,112.370003,114.989998,88193400
4,2022-03-23,115.699997,124.111,112.68,117.239998,81605700
4,2022-03-24,112.860001,116.5,110.82,115.150002,55850200
4,2022-03-25,110.529999,113.860001,109.400002,112.989998,42396500
4,2022-03-28,113.860001,116.230003,111.919998,115.089996,30168000
4,2022-03-29,118.360001,119.599998,115.739998,116.709999,28060900
4,2022-03-30,115.540001,120.101997,115.540001,116.580002,28381700
4,2022-03-31,115.029999,115.089996,108.709999,108.800003,31240200
4,2022-04-01,117.620003,118.949997,109.75,110.199997,55873000
4,2022-04-04,115.699997,118.220001,113.375,117.5,39088500
4,2022-04-05,115,115,110.230003,111,35226000
4,2022-04-06,109.239998,109.470001,106.120003,107.68,23739800
4,2022-04-07,106.68,107.529999,102.610001,104.269997,26814300
4,2022-04-08,104.480003,106.470001,103.329002,103.529999,20814900
4,2022-04-11,101.089996,103.919998,99.160004,101.550003,23504100
4,2022-04-12,101.18,102.330002,99.389999,99.75,23953600
4,2022-04-13,99.239998,101.349998,98.209999,100.029999,18330400
4,2022-04-14,97.290001,99.271004,95.305,95.489998,20931200
4,2022-04-18,93.769997,95.279999,91.82,94.709999,19159200
4,2022-04-19,92.290001,93.949997,90.949997,93.5,23870000
4,2022-04-20,93.480003,93.699997,89.269997,89.410004,20949700
4,2022-04-21,89.550003,90.010002,85.400002,85.989998,25639000
4,2022-04-22,86.5,90.68,86.310997,86.489998,25130300
4,2022-04-25,82.699997,86.169998,81.800003,85.839996,24674000
4,2022-04-26,85.870003,86.239998,83.279999,83.989998,21194600
4,2022-04-27,85.32,89.410004,84.779999,88.32,29351600
4,2022-04-28,88.620003,90.980003,86.940002,90.910004,17707500
4,2022-04-29,101.529999,103.519997,96.660004,97.089996,44933400
4,2022-05-02,96.410004,101.32,95.150002,101.209999,25479500
4,2022-05-03,100.129997,102.690002,99.43,100.379997,15216100
4,2022-05-04,97.720001,101.57,96.610001,101.410004,17740600
4,2022-05-05,97.940002,98.470001,94.050003,94.639999,18673100
4,2022-05-06,93.360001,93.860001,88.709999,90.050003,18568600
4,2022-05-09,86.955002,88.599998,84.43,84.839996,23338600
4,2022-05-10,88.639999,88.639999,83.510002,84.57,23400900
4,2022-05-11,85.510002,87.519997,81.470001,81.730003,24962400
4,2022-05-12,80.68,83.120003,78.010002,81.089996,23833100
4,2022-05-13,82.120003,88.360001,82,87.989998,20078400
4,2022-05-16,87.699997,89.080002,86.339996,86.480003,19644800
4,2022-05-17,92.75,94.480003,89.540001,91.989998,27330300
4,2022-05-18,90,91.639999,87,87.309998,18991300
4,2022-05-19,86.18,90.089996,85.739998,87.690002,20776400
4,2022-05-20,88.699997,90.169998,84.730003,86.790001,21020800
4,2022-05-23,87.059998,87.415001,84.760002,87.230003,13998200
4,2022-05-24,84.989998,85.120003,81.540001,82.470001,15214400
4,2022-05-25,83.720001,84.07,81.07,82.309998,23093700
4,2022-05-26,87.300003,95.089996,86.730003,94.480003,50825000
4,2022-05-27,92.209999,94.5,90.370003,93.410004,26716000
4,2022-05-31,98.330002,99.32,95.449997,96.050003,33790000
4,2022-06-01,95.900002,96.93,91.879997,93.379997,23730900
4,2022-06-02,93.669998,97.629997,93.400002,97.5,23228100
4,2022-06-03,95.150002,96,93.023003,93.209999,15855900
4,2022-06-06,99.639999,102.419998,97.915001,99.010002,37287200
4,2022-06-07,99.989998,104.459999,99.419998,104.32,35958700
4,2022-06-08,108.260002,121.055,107.809998,119.620003,92337000
4,2022-06-09,115,118.220001,109.440002,109.900002,72512300
4,2022-06-10,113.660004,114.82,108.239998,109.839996,49859200
4,2022-06-13,103.610001,104.529999,97.580002,98.519997,36396700
4,2022-06-14,101.989998,106.074997,100.830002,105.230003,28567500
4,2022-06-15,106.809998,108.629997,104.382004,108.029999,24026100
4,2022-06-16,102.790001,104.910004,100.510002,101.449997,22357800
4,2022-06-17,112.540001,112.75,101.325996,102.239998,73019300
4,2022-06-21,105.959999,107.061996,103.870003,106.389999,33975000
4,2022-06-22,104.230003,107.099998,103.080002,105.150002,24233000
4,2022-06-23,109.959999,113.089996,108.081001,112.110001,33228200
4,2022-06-24,115.300003,118.089996,114.300003,117.620003,27029900
4,2022-06-27,119.970001,121.379997,117.879997,118.730003,21724300
4,2022-06-28,118.980003,120.93,116.510002,116.760002,18659400
4,2022-06-29,115.809998,117.089996,113.709999,116.029999,13793900
4,2022-06-30,113.769997,114.599998,111.379997,113.68,13836200
4,2022-07-01,113.629997,116.625,112.919998,116,16679400
4,2022-07-05,114.510002,120.529999,112.139999,120.129997,20989300
4,2022-07-06,118.93,120,115.510002,119.120003,20222700
4,2022-07-07,120.629997,125,120.629997,122.389999,24202000
4,2022-07-08,122.260002,125.839996,120.699997,120.900002,27221400
4,2022-07-11,115.459999,115.580002,109.330002,109.57,31249900
4,2022-07-12,110.860001,111,107.059998,109.209999,22318500
4,2022-07-13,106.839996,110.639999,106.75,109.099998,16861400
4,2022-07-14,107.800003,108.540001,100.709999,103.760002,35314900
4,2022-07-15,103.489998,103.639999,97.839996,102.440002,33572300
4,2022-07-18,105.879997,106.959999,102.949997,103.139999,20503400
4,2022-07-19,103.970001,104.82,101.529999,104.75,19842500
4,2022-07-20,106.239998,107.160004,102.849998,103.959999,21897900
4,2022-07-21,104.059998,106.610001,103.68,105.129997,17865500
4,2022-07-22,104.309998,104.699997,99.68,100.610001,18819800
4,2022-07-25,100.5,101.269997,98.739998,101.059998,16604300
4,2022-07-26,104.309998,105.25,100.809998,101.440002,28004300
4,2022-07-27,102.199997,102.970001,99.800003,102.779999,19366600
4,2022-07-28,101.919998,102.68,95.620003,100.550003,33875400
4,2022-07-29,94.220001,94.220001,89.110001,89.370003,59201800
4,2022-08-01,89.190002,90.540001,88,90.339996,36050900
4,2022-08-02,88.199997,94.870003,88.199997,92.620003,34430500
4,2022-08-03,92,96.300003,90.919998,95.720001,23921700
4,2022-08-04,101.07,103,95.059998,97.43,42517800
4,2022-08-05,93.07,94.169998,90.730003,92.559998,27206100
4,2022-08-08,91.470001,92.75,90.339996,90.839996,16194100
4,2022-08-09,91.190002,93.120003,90.599998,91.190002,16744900
4,2022-08-10,91.169998,92.949997,88.559998,92.43,17855400
4,2022-08-11,94.489998,97.709999,93.629997,94.870003,17521200
4,2022-08-12,91.510002,94.800003,91.43,94.769997,17846400
4,2022-08-15,93.199997,94.629997,92.379997,94.199997,14425100
4,2022-08-16,92.690002,93.57,91.400002,92.650002,12003200
4,2022-08-17,91.870003,92.389999,89.760002,89.769997,14491500
4,2022-08-18,90.050003,91.93,88.519997,90.739998,13418600
4,2022-08-19,90.410004,91.650002,89.18,89.629997,12364300
4,2022-08-22,89.57,90.879997,89.300003,90.029999,15545000
4,2022-08-23,89.169998,90.18,86.709999,89.830002,17345900
4,2022-08-24,87.900002,94.148003,87.550003,92.519997,22808300
4,2022-08-25,96.059998,101.029999,94.949997,99.889999,39170600
4,2022-08-26,104.839996,104.849998,97.610001,98,45773400
4,2022-08-29,98.959999,100.910004,96.480003,96.599998,18323500
4,2022-08-30,95.860001,96.970001,92.620003,93.839996,17865800
4,2022-08-31,96.660004,98.620003,94.919998,95.410004,16169000
4,2022-09-01,92.75,94.519997,91.669998,93.709999,11929100
4,2022-09-02,91.769997,93.667999,90.769997,91.800003,12378900
4,2022-09-06,89.32,89.470001,87.800003,88.449997,15573500
4,2022-09-07,88.519997,90.860001,87.755997,90.599998,12753300
4,2022-09-08,88.559998,90.18,88.279999,89.519997,13291800
4,2022-09-09,91.050003,92.900002,90.720001,92.139999,10745500
4,2022-09-12,92.419998,94.839996,91.809998,94.690002,15604000
4,2022-09-13,90.760002,92.18,89.230003,89.470001,21149800
4,2022-09-14,89.459999,89.779999,88.169998,88.919998,10843600
4,2022-09-15,88.629997,91.095001,88.199997,88.830002,12188800
4,2022-09-16,87.699997,88.25,85.419998,86.43,19322000
4,2022-09-19,85.099998,87.764999,85,87.660004,12822100
4,2022-09-20,87.949997,88.730003,85.010002,85.800003,19129000
4,2022-09-21,85.120003,85.160004,81.5,81.599998,23847300
4,2022-09-22,82.629997,83.279999,80.169998,80.709999,19141200
4,2022-09-23,79.260002,79.769997,77.599998,78.800003,20492100
4,2022-09-26,79.940002,80.986,78.779999,78.910004,17880600
4,2022-09-27,79.43,80.410004,77.099998,77.870003,16975100
4,2022-09-28,76.485001,81.480003,76.279999,80.989998,20725400
4,2022-09-29,78.050003,79.190002,76.739998,79.059998,17913600
4,2022-09-30,78.739998,81.779999,78.650002,79.989998,17116900
4,2022-10-03,79.760002,80.925003,78.050003,80.449997,13249600
4,2022-10-04,83,85.032997,82.339996,84.110001,18252000
4,2022-10-05,84.099998,86.290001,83.25,84.389999,13194000
4,2022-10-06,84.07,85.25,83.519997,84.32,11583600
4,2022-10-07,82.349998,83.709999,80.754997,81.239998,11632400
4,2022-10-10,79.769997,79.790001,77.699997,79.239998,14070900
4,2022-10-11,77.379997,77.839996,74.139999,75.370003,18387900
4,2022-10-12,74.900002,76.678001,74.029999,75.730003,13247900
4,2022-10-13,72.239998,75.779999,71.400002,75.010002,17563400
4,2022-10-14,76.050003,76.139999,72.779999,73.019997,13675300
4,2022-10-17,75.150002,77.870003,75.110001,76.769997,14487400
4,2022-10-18,78.010002,78.639999,75.059998,76.339996,14970600
4,2022-10-19,73.279999,74.330002,70.519997,71.269997,23094500
4,2022-10-20,71.599998,74.940002,71.550003,72.019997,19173400
4,2022-10-21,71.199997,72.790001,69.464996,72.18,19526800
4,2022-10-24,63.389999,64.099998,58.009998,63.150002,101023200
4,2022-10-25,65.080002,66.179001,61.259998,63.220001,69302400
4,2022-10-26,63.360001,69.800003,62.919998,68.510002,52957400
4,2022-10-27,65.440002,67.879997,65.419998,65.839996,25812600
4,2022-10-28,63.200001,64.150002,61.82,63.740002,28638000
4,2022-10-31,63.490002,64.849998,63.220001,63.580002,20645300
4,2022-11-01,68.010002,68.450996,65.639999,65.860001,27257000
4,2022-11-02,66.480003,67.669998,64.330002,64.699997,28298100
4,2022-11-03,63.419998,66.879997,63.400002,65.209999,23360500
4,2022-11-04,71.169998,71.639999,67.449997,69.809998,51292200
4,2022-11-07,71.300003,71.879997,68.671997,69.709999,26087600
4,2022-11-08,67.620003,68.919998,66.269997,68.129997,23870200
4,2022-11-09,66.43,66.779999,64.800003,64.839996,22099300
4,2022-11-10,68.029999,69.989998,68,69.769997,28757200
4,2022-11-11,72.32,72.699997,69.309998,70.769997,38723400
4,2022-11-14,73.160004,74,71.32,71.330002,30310700
4,2022-11-15,78.93,80.370003,77.809998,79.300003,53150500
4,2022-11-16,80.32,80.449997,77.410004,78.160004,26637300
4,2022-11-17,76,85.68,75.760002,84.260002,62050600
4,2022-11-18,82.150002,82.519997,79.860001,80.480003,29528300
4,2022-11-21,78.690002,79.059998,76.470001,76.93,19005100
4,2022-11-22,75.440002,76.800003,74.580002,75.989998,20694100
4,2022-11-23,78.190002,78.845001,76.849998,78.5,19032700
4,2022-11-25,75.5,76.050003,74.919998,75.5,13036900
4,2022-11-28,74.739998,77.417,74.68,75.879997,19107400
4,2022-11-29,80.239998,80.889999,79.449997,79.860001,24178100
4,2022-11-30,82.739998,89.625,82.25,87.559998,60169600
4,2022-12-01,84.349998,87.599998,84.260002,85.940002,20243000
4,2022-12-02,86.050003,91.849998,86.050003,90.059998,35042600
4,2022-12-05,92.900002,92.900002,89.629997,90.519997,30929800
4,2022-12-06,91.879997,92.57,89.199997,91.449997,26675700
4,2022-12-07,87.059998,89.260002,86.620003,88.330002,19507400
4,2022-12-08,91.970001,94.334999,91.080002,94.169998,29241500
4,2022-12-09,93.269997,93.75,91.224998,91.339996,15452100
4,2022-12-12,90.089996,90.889,87.75,89.410004,15190200
4,2022-12-13,93.449997,94.980003,90.300003,91.410004,21150600
4,2022-12-14,91.059998,91.264999,89.5,90.910004,15575500
4,2022-12-15,93.089996,94.080002,86.050003,86.209999,30419400
4,2022-12-16,88.800003,90.57,86.610001,86.790001,25084600
4,2022-12-19,89.75,89.779999,86.500999,87.160004,20737000
4,2022-12-20,85.040001,87.199997,85.040001,85.919998,15315400
4,2022-12-21,86.010002,88.387001,85.459999,87.809998,18212900
4,2022-12-22,89.080002,89.690002,86.669998,87.970001,16004800
4,2022-12-23,87.849998,88.650002,85.519997,85.650002,17949300
4,2022-12-27,86.550003,90.689003,86.209999,89.860001,22959900
4,2022-12-28,88.980003,90.150002,86.464996,87.199997,16268800
4,2022-12-29,87.625,89.519997,87.059998,89.129997,12535400
4,2022-12-30,87.449997,89.410004,87.410004,88.089996,11926700
4,2023-01-03,91.110001,94.449997,90.75,91.980003,27891000
4,2023-01-04,98.849998,104.519997,96.970001,103.919998,53291800
4,2023-01-05,101.400002,105.699997,100.639999,104.580002,30400400
4,2023-01-06,104.110001,108,102.459999,107.400002,21072400
4,2023-01-09,111.989998,113.110001,108.120003,110.830002,42085300
4,2023-01-10,112.970001,115.480003,111.209999,114.879997,33478600
4,2023-01-11,114.599998,115.209999,112.309998,115.019997,22804400
4,2023-01-12,113.660004,113.790001,111.449997,113.150002,16590600
4,2023-01-13,114.519997,117.980003,114.089996,117.010002,25615100
4,2023-01-17,115.519997,117.010002,114.339996,115.190002,16945600
4,2023-01-18,116.75,116.75,113.040001,113.220001,15347900
4,2023-01-19,114.019997,117,113.970001,116.580002,18489900
4,2023-01-20,118.302002,120.059998,117.800003,119.860001,18342700
4,2023-01-23,120,120.300003,118.137001,119.529999,13590200
4,2023-01-24,115,120,115,119.440002,7807100
4,2023-01-25,118.510002,120.32,117.5,120.25,9705000
4,2023-01-26,121,121.300003,118.762001,120.57,11171000
4,2023-01-27,119.690002,119.709999,116.809998,118.379997,18027400
4,2023-01-30,111.690002,113.150002,109.779999,111.199997,21918200
4,2023-01-31,109.419998,112.080002,108.809998,110.199997,15330000
4,2023-02-01,111.860001,113.949997,110.150002,112.82,16623000
4,2023-02-02,112.5,112.525002,107.809998,109.739998,23396900
4,2023-02-03,108.050003,109.529999,105.809998,106.330002,15982200
4,2023-02-06,103.82,106.279999,103.220001,105.449997,15337500
4,2023-02-07,106.839996,107.349998,103.720001,105.5,16861700
4,2023-02-08,107.099998,107.139999,103.550003,105.110001,14329500
4,2023-02-09,108.5,109.809998,107.75,108.459999,16281300
4,2023-02-10,105.800003,106.639999,102.790001,103.650002,18776000
4,2023-02-13,105.989998,106.349998,104.150002,104.790001,18538600
4,2023-02-14,103.550003,104.480003,101.849998,104.220001,12978400
4,2023-02-15,102.389999,103.440002,102,103.080002,18230200
4,2023-02-16,102.709999,104.519997,102.029999,103.110001,21747100
4,2023-02-17,101,101.089996,99.25,100.010002,18121600
4,2023-02-21,96.5,97.625,94.699997,95.099998,27172700
4,2023-02-22,95.574997,95.889999,93.555,94.779999,24484000
4,2023-02-23,100.099998,100.470001,92.129997,94.160004,40482900
4,2023-02-24,90.07,91.68,88.029999,89,36174500
4,2023-02-27,90.849998,91.239998,88.894997,89.25,25840000
4,2023-02-28,88.459999,89.339996,87.269997,87.790001,24597200
4,2023-03-01,92.919998,92.919998,89.730003,89.949997,35434900
4,2023-03-02,88.959999,90.918999,87.970001,89.75,24829000
4,2023-03-03,90.110001,90.459999,88.400002,89.699997,25834300
4,2023-03-06,89.584999,91.300003,88.029999,89.620003,16983900
4,2023-03-07,89.519997,90.050003,88.199997,88.730003,14514700
4,2023-03-08,87.389999,87.769997,86.449997,86.949997,14721500
4,2023-03-09,85.120003,85.690002,82.875,83.370003,24327700
4,2023-03-10,82.639999,84.519997,82.330002,82.959999,18123100
4,2023-03-13,83.010002,83.754997,81.970001,82.900002,17848300
4,2023-03-14,82.860001,83.910004,82.160004,83.849998,20126100
4,2023-03-15,81.550003,82.540001,80.150002,81.510002,21025300
4,2023-03-16,81.459999,82.480003,80.660004,82.220001,22877500
4,2023-03-17,84,84.160004,80.620003,81.669998,23711100
4,2023-03-20,80.150002,81.900002,79.480003,81,19536500
4,2023-03-21,82.459999,84.087997,82,83.699997,16529400
4,2023-03-22,84.839996,85.389999,83.510002,83.650002,21204700
4,2023-03-23,87.68,88.379997,85.260002,86.519997,26861400
4,2023-03-24,85.870003,88.110001,85.629997,86.900002,20332500
4,2023-03-27,87.129997,88.220001,85.5,86.120003,18258300
4,2023-03-28,95.349998,99.510002,92.059998,98.400002,118875200
4,2023-03-29,97.589996,101.330002,96.279999,99.919998,53695000
4,2023-03-30,101.339996,105.050003,100.5,103.379997,57780700
4,2023-03-31,102.860001,103.599998,101.132004,102.18,28382600
4,2023-04-03,100.889999,101.75,97.610001,98.389999,26888100
4,2023-04-04,98.940002,101.470001,97.260002,100.720001,26868400
4,2023-04-05,99.239998,100.449997,97.660004,98.550003,20117700
4,2023-04-06,98.529999,103.239998,98.269997,102.739998,26849200
4,2023-04-10,100.620003,102.830002,100.589996,101.540001,16308300
4,2023-04-11,102.459999,102.540001,99.199997,99.760002,19017700
4,2023-04-12,97.82,98.889999,93.580002,93.839996,35516000
4,2023-04-13,95.875,97.190002,95.095001,96.169998,24231700
4,2023-04-14,95.629997,96.120003,93.839996,94.550003,14098700
4,2023-04-17,96.739998,97.230003,95.489998,96.419998,15714100
4,2023-04-18,99.019997,99.169998,95.181,95.489998,20672300
4,2023-04-19,94.599998,94.82,92.949997,93.489998,18985200
4,2023-04-20,93.349998,93.790001,90.050003,90.739998,25533900
4,2023-04-21,89.959999,90.190002,88.300003,89.129997,23097300
4,2023-04-24,88.400002,88.480003,86.040001,86.889999,22757100
4,2023-04-25,85.32,85.699997,82.211998,82.919998,36441300
4,2023-04-26,85.040001,85.220001,82.760002,82.82,24983000
4,2023-04-27,83.07,84.639999,82.639999,84.470001,24506800
4,2023-04-28,84.18,85.080002,83.870003,84.690002,18109300
4,2023-05-01,84.150002,85.279999,83.771004,84.160004,12909200
4,2023-05-02,83.150002,83.279999,80.653999,81.529999,20689500
4,2023-05-03,81.305,82,80.489998,81.480003,17759400
4,2023-05-04,82.389999,83.129997,81.800003,82.489998,23773800
4,2023-05-05,82.75,83.379997,82.029999,83.220001,17500600
4,2023-05-08,83.629997,83.699997,82.339996,83.309998,17392900
4,2023-05-09,80.544998,82.660004,80.150002,82.220001,13457400
4,2023-05-10,82.139999,84.5,81.769997,82.949997,16868100
4,2023-05-11,85.43,88.480003,84.82,87.889999,28104200
4,2023-05-12,86.709999,86.709999,84.760002,85.339996,19031400
4,2023-05-15,87.129997,88.400002,85.833,88.339996,23691200
4,2023-05-16,87.110001,89.370003,87.059998,88.760002,18177900
4,2023-05-17,88.459999,91.43,88.010002,90.68,27670700
4,2023-05-18,90.809998,91,85,85.769997,60258600
4,2023-05-19,83.849998,85.199997,83.480003,83.980003,21538500
4,2023-05-22,85.669998,87.480003,85.650002,86.099998,16951300
4,2023-05-23,84.160004,84.974998,82.699997,82.879997,19917800
4,2023-05-24,82.165001,82.599998,80.879997,81.209999,17045800
4,2023-05-25,80.589996,80.709999,78.120003,78.779999,21811600
4,2023-05-26,79.900002,81.566002,78.400002,80.970001,16399200
4,2023-05-30,80.120003,80.699997,78.169998,78.669998,21209600
4,2023-05-31,79.580002,79.665001,77.769997,79.550003,16206300
4,2023-06-01,79.349998,84,79.349998,83,23217600
4,2023-06-02,85.080002,86.029999,84.139999,84.269997,17574200
4,2023-06-05,83.989998,84.57,83.239998,84.400002,8204000
4,2023-06-06,83.5,87.059998,83.370003,86.699997,18452000
4,2023-06-07,85.720001,86.949997,85.089996,85.279999,12886700
4,2023-06-08,85.169998,86.949997,85.169998,86.139999,11281000
4,2023-06-09,86.059998,86.837997,85.065002,85.5,12882700
4,2023-06-12,86.010002,87.290001,85.629997,85.860001,11559000
4,2023-06-13,87.959999,89.220001,87.25,87.510002,16814100
4,2023-06-14,87.970001,90.120003,87.709999,89.360001,21519300
4,2023-06-15,91.459999,92.769997,90.599998,92.199997,26570500
4,2023-06-16,94,94.290001,91.519997,92.099998,25048200
4,2023-06-20,89.830002,90.199997,87.32,87.93,23382900
4,2023-06-21,87.379997,89.160004,86.620003,86.769997,15159900
4,2023-06-22,86.779999,87.315002,85.32,86.889999,10272700
4,2023-06-23,85.809998,85.938004,84.370003,84.919998,14830800
4,2023-06-26,85.32,86.709999,85.209999,85.470001,10808700
4,2023-06-27,86.82,87.614998,86.714996,87.129997,13994500
4,2023-06-28,85.75,85.75,84.379997,84.589996,14113800
4,2023-06-29,83.389999,83.989998,83,83.550003,13362500
4,2023-06-30,83.230003,84.230003,83.010002,83.349998,12154300
4,2023-07-03,84.870003,85.635002,84,84.07,11514400
4,2023-07-05,83.980003,84.690002,82.82,84.300003,11203900
4,2023-07-06,83.120003,83.949997,82.639999,83.839996,12930300
4,2023-07-07,86.760002,91.57,86.629997,90.550003,46815900
4,2023-07-10,90.050003,92.040001,89.599998,90.559998,25401800
4,2023-07-11,91.019997,92.32,89.010002,91.790001,20768800
4,2023-07-12,94.110001,95.029999,92.550003,94,24161400
4,2023-07-13,95.029999,97.004997,94.599998,96.610001,24021400
4,2023-07-14,95.220001,96.089996,94.239998,94.559998,18870000
4,2023-07-17,92.25,93.550003,91.040001,93.410004,17317300
4,2023-07-18,91.540001,92.209999,90.150002,91.199997,20249700
4,2023-07-19,93.57,94.709999,92.089996,92.089996,17228100
4,2023-07-20,91.690002,93.120003,91.349998,91.900002,14753000
4,2023-07-21,92.889999,93.230003,91.540001,92.169998,13882900
4,2023-07-24,92.07,97.469002,91.300003,96.349998,33376100
4,2023-07-25,98.169998,98.489998,94.610001,94.980003,25827300
4,2023-07-26,94.949997,97.544998,94.839996,97.139999,15833400
4,2023-07-27,97.75,97.989998,95.161003,95.440002,18685500
4,2023-07-28,98.07,101.220001,97.959999,100.550003,31956500
4,2023-07-31,99.790001,102.5,99.720001,102.160004,17726500
4,2023-08-01,99.870003,101.160004,99.300003,100.099998,14333700
4,2023-08-02,97.720001,97.739998,94.559998,95.07,19452300
4,2023-08-03,96.709999,98.489998,96.580002,97.580002,15370900
4,2023-08-04,97.735001,98.489998,96.690002,96.900002,13434800
4,2023-08-07,97.779999,97.800003,95.029999,96.559998,13893900
4,2023-08-08,93.510002,94.480003,92.921997,94.220001,13504700
4,2023-08-09,96.025002,96.300003,94.080002,94.849998,18640100
4,2023-08-10,98.309998,101.839996,97.120003,99.209999,53193100
4,2023-08-11,97.339996,97.650002,94.339996,95.720001,25185600
4,2023-08-14,94.239998,94.449997,92.529999,93.459999,17581000
4,2023-08-15,93,93.010002,90.745003,91.589996,14756300
4,2023-08-16,89.629997,90.5,88.290001,89.120003,23292400
4,2023-08-17,91.940002,91.949997,90.260002,90.650002,15732300
4,2023-08-18,87.779999,88.360001,86.860001,88.029999,20391400
4,2023-08-21,87.599998,88.82,87.220001,88.57,14167300
4,2023-08-22,89.279999,89.489998,87.860001,88.080002,11611600
4,2023-08-23,88.370003,90.589996,88.309998,89.839996,12185700
4,2023-08-24,90.489998,90.919998,89.040001,89.110001,10684500
4,2023-08-25,89.25,90.040001,88.269997,89.82,11382200
4,2023-08-28,91.5,92.769997,91.290001,92.239998,14613800
4,2023-08-29,93.449997,94.095001,92.339996,94.029999,16928000
4,2023-08-30,92.550003,94.25,92.470001,93.650002,13779900
4,2023-08-31,92.980003,93.360001,92.160004,92.900002,13332400
4,2023-09-01,94.550003,96.68,94.519997,95.010002,17452400
4,2023-09-05,94.529999,95.391998,94.07,94.650002,10097600
4,2023-09-06,94.150002,95.800003,94.129997,94.449997,10123600
4,2023-09-07,91.639999,91.760002,88.955002,89.970001,18667200
4,2023-09-08,89.599998,90.300003,88.730003,90.050003,10333300
4,2023-09-11,89.730003,90.349998,87.709999,88.709999,15773500
4,2023-09-12,88.190002,89.959999,88.18,88.300003,10262500
4,2023-09-13,87.940002,88.290001,87.382004,87.639999,10634900
4,2023-09-14,88.550003,88.599998,87.440002,88,8643100
4,2023-09-15,87.769997,88.220001,86.82,87.07,10130900
4,2023-09-18,86.150002,87.169998,85.394997,87.019997,9291600
4,2023-09-19,86.120003,87.879997,86.080002,87.110001,9247000
4,2023-09-20,86.970001,87.5,85.650002,85.739998,9228200
4,2023-09-21,83.860001,84.775002,83.760002,84.110001,10622200
4,2023-09-22,87.364998,88.875,87.110001,88.300003,22469600
4,2023-09-25,85.879997,87.269997,85.769997,87.220001,9897200
4,2023-09-26,86.459999,87.07,85.699997,85.910004,9666600
4,2023-09-27,86.379997,86.550003,85.300003,86.190002,7233900
4,2023-09-28,84.889999,85.889999,84.305,85.540001,10093600
4,2023-09-29,87.290001,87.949997,86.605003,86.739998,9647300
4,2023-10-02,86.75,87.105003,85.889999,86.529999,8209800
4,2023-10-03,84.5,85,83.949997,84.540001,11448800
4,2023-10-04,84.275002,84.540001,83.650002,84.080002,8904700
4,2023-10-05,83.519997,83.709999,82.449997,83.669998,10334500
4,2023-10-06,84.25,86.514999,84,86.059998,13410200
4,2023-10-09,83.910004,85.209999,83.57,84.849998,10880000
4,2023-10-10,85.669998,87.739998,85.57,87.169998,13557800
4,2023-10-11,88.010002,88.795998,87.144997,87.779999,11111500
4,2023-10-12,87.580002,87.669998,84.199997,84.510002,16158100
4,2023-10-13,84.059998,85.489998,83.75,84.019997,10325500
4,2023-10-16,83.699997,84.964996,82.629997,84.309998,10075300
4,2023-10-17,82.75,84.360001,82.559998,83.910004,8270000
4,2023-10-18,82.959999,83.730003,82.760002,83.010002,9321600
4,2023-10-19,81.480003,82.394997,81.114998,81.610001,12624100
4,2023-10-20,80.230003,80.860001,79.782997,79.940002,14618600
4,2023-10-23,79.419998,80.926003,79.019997,80.510002,12715200
4,2023-10-24,80.449997,83.32,80.440002,82.870003,17925800
4,2023-10-25,81.300003,82,80.779999,81.029999,11390200
4,2023-10-26,81.264999,83.089996,81.199997,82.510002,13010400
4,2023-10-27,83.870003,84.120003,82.480003,82.82,10795600
4,2023-10-30,83.629997,84.239998,83.011002,83.139999,8980500
4,2023-10-31,81.940002,82.540001,80.879997,82.540001,12094300
4,2023-11-01,81.705002,82.489998,81.209999,82.480003,9550000
4,2023-11-02,83.650002,83.980003,83.029999,83.410004,10606300
4,2023-11-03,84.940002,86.080002,84.5,85.309998,15122600
4,2023-11-06,86.550003,86.720001,85.230003,85.360001,9786400
4,2023-11-07,84.860001,85.660004,84.110001,85.410004,8829400
4,2023-11-08,84.620003,85.730003,84.480003,84.800003,8154600
4,2023-11-09,84.580002,84.690002,82.474998,82.730003,10885100
4,2023-11-10,82.410004,82.870003,81.660004,82.75,9779500
4,2023-11-13,82.75,83.315002,82.080002,82.260002,11236900
4,2023-11-14,82.760002,84.535004,82.32,83.870003,20897600
4,2023-11-15,86.959999,87.830002,85.889999,87.07,28991000
4,2023-11-16,79.519997,80.769997,78.231003,79.110001,63008500
4,2023-11-17,77.019997,78.466003,76.75,77.599998,35497300
4,2023-11-20,76.910004,78.745003,76.559998,78.459999,31506800
4,2023-11-21,77.849998,79.275002,77.599998,78.940002,20525500
4,2023-11-22,79.279999,79.709999,78.129997,78.959999,18958600
4,2023-11-24,78.269997,79.07,78.209999,78.489998,12251700
4,2023-11-27,77.555,79.25,77.089996,77.529999,18248200
4,2023-11-28,76.559998,76.839996,75.260002,76.739998,23682200
4,2023-11-29,75,75.456001,74.425003,74.669998,30969100
4,2023-11-30,74.699997,74.940002,74.010002,74.879997,17884200
4,2023-12-01,73.120003,74.139999,72.120003,73.989998,27946500
4,2023-12-04,72.669998,73.580002,72.480003,73.029999,21074900
4,2023-12-05,72.040001,72.699997,71.919998,72.379997,19129000
4,2023-12-06,72.360001,72.949997,71.489998,71.489998,30394400
4,2023-12-07,71.544998,72.370003,71.440002,72.330002,18966700
4,2023-12-08,72.019997,72.440002,71.830002,72.139999,16868700
4,2023-12-11,70.489998,71.610001,70.080002,71.370003,19719300
4,2023-12-12,71.379997,71.955002,70.93,71.389999,14725900
4,2023-12-13,70.910004,71.480003,70.120003,71.459999,21721600
4,2023-12-14,71.470001,73.239998,71.419998,72.510002,25199300
4,2023-12-15,74,75.544998,73.32,74.510002,31266700
4,2023-12-18,74.050003,74.230003,73.209999,73.839996,17233500
4,2023-12-19,74.400002,76.010002,74.220001,75.389999,20939300
4,2023-12-20,74.580002,75.294998,73.330002,73.349998,27540200
4,2023-12-21,74.860001,76.290001,74.349998,76.260002,20812100
4,2023-12-22,74.5,75.68,74.440002,75.279999,19962800
4,2023-12-26,76.160004,76.969002,75.730003,75.849998,13121300
4,2023-12-27,76.279999,76.449997,75.410004,76.110001,14904500
4,2023-12-28,77.230003,77.790001,76.980003,77.239998,18937900
4,2023-12-29,77.059998,77.635002,76.82,77.510002,14035500
4,2024-01-02,76.050003,76.074997,74.510002,74.760002,21739600
4,2024-01-03,74.330002,76.690002,74.07,76.589996,24444600
4,2024-01-04,75.559998,75.724998,74.440002,74.660004,18454900
4,2024-01-05,74,74,72.860001,73.010002,21679000
4,2024-01-08,71.25,73.059998,70.919998,72.879997,22000000
4,2024-01-09,71.25,72.120003,70.959999,72.019997,21451800
4,2024-01-10,71.379997,71.775002,71.044998,71.410004,19540000
4,2024-01-11,72.544998,73.129997,71.529999,72.379997,18095300
4,2024-01-12,72.589996,73.43,71.809998,71.839996,16119900
4,2024-01-16,70.129997,70.530998,69.300003,69.459999,27606900
4,2024-01-17,67.720001,69,67.260002,68.93,22684400
4,2024-01-18,68.599998,69.080002,68,68.050003,19307000
4,2024-01-19,67.199997,69.904999,66.919998,69.419998,34388900
4,2024-01-22,67.279999,68.737999,66.629997,68.629997,27294200
4,2024-01-23,72.754997,74.5,72.550003,74.019997,53017700
4,2024-01-24,75.285004,75.620003,74.220001,75.199997,36503300
4,2024-01-25,75.190002,75.5,73.559998,73.849998,23268600
4,2024-01-26,73.099998,74.720001,72.919998,74.010002,19418200
4,2024-01-29,74.669998,74.809998,72.830002,73.580002,17537400
4,2024-01-30,72.459999,73.065002,72.084999,72.32,17089600
4,2024-01-31,71.495003,72.940002,71.495003,72.169998,15743600
4,2024-02-01,73.154999,73.470001,72.120003,72.459999,14445800
4,2024-02-02,72.129997,72.230003,71.050003,71.849998,18799300
4,2024-02-05,72.169998,75.150002,71.860001,74.629997,27721000
4,2024-02-06,77.044998,78.339996,75.730003,78.230003,39069100
4,2024-02-07,74.555,76.169998,73.150002,73.639999,53766300
4,2024-02-08,71.885002,73.199997,70.650002,70.779999,33070600
4,2024-02-09,70.800003,72.084999,70,72.019997,18998400
4,2024-02-12,72.309998,74.129997,72.309998,73.139999,18151100
4,2024-02-13,71.959999,73.029999,71.419998,71.599998,13560600
4,2024-02-14,72.309998,73.410004,72.230003,73.389999,12817500
4,2024-02-15,73.220001,74.139999,73.084999,73.82,12078100
4,2024-02-16,74.860001,75.370003,73.900002,73.910004,16371000
4,2024-02-20,73.459999,73.669998,72.18,73.139999,14353300
4,2024-02-21,74.480003,76.389999,74.07,75.580002,23533800
4,2024-02-22,75.099998,76.379997,75,76.120003,14836600
4,2024-02-23,76.480003,76.934998,75.150002,75.959999,12301700
4,2024-02-26,75.620003,76.57,75.339996,76.510002,13973100
4,2024-02-27,77.529999,78.050003,77.25,77.68,14490200
4,2024-02-28,76.019997,76.18,74.449997,74.589996,16905300
4,2024-02-29,74.68,75.040001,73.800003,74.029999,12549200
4,2024-03-01,74.480003,75.089996,74.370003,74.620003,11955900
4,2024-03-04,73.730003,73.730003,71.699997,72,19550100
4,2024-03-05,71.25,72.709999,71.040001,72.07,15804500
4,2024-03-06,74.199997,74.720001,73.610001,73.709999,19785300
4,2024-03-07,72.599998,72.758003,71.760002,72.540001,12374700
4,2024-03-08,72.809998,73.760002,72.760002,73.550003,16402500
4,2024-03-11,74.629997,76.059998,74.550003,74.860001,13510400
4,2024-03-12,75.870003,76.480003,75.214996,76.059998,13314700
4,2024-03-13,75.940002,77.449997,75.940002,76.389999,15319800
4,2024-03-14,75.235001,75.389999,73.230003,73.400002,18923500
4,2024-03-15,73.574997,74.129997,73.389999,73.419998,10223900