id,Date,Open,High,Low,Close,Volume
7,2019-03-18,53.27,53.939999,53.09,53.509998,19073800
7,2019-03-19,53.790001,54,53.139999,53.310001,20596400
7,2019-03-20,53.16,53.869999,52.860001,53.259998,21140800
7,2019-03-21,53.080002,54.23,53.040001,53.939999,20082700
7,2019-03-22,53.91,54.139999,52.700001,52.740002,23938500
7,2019-03-25,52.700001,52.93,52.25,52.73,18774900
7,2019-03-26,53.189999,53.490002,53,53.23,17742700
7,2019-03-27,53.299999,53.66,52.740002,53.139999,20447500
7,2019-03-28,53.189999,53.689999,53.02,53.360001,13095000
7,2019-03-29,53.700001,54,53.360001,53.990002,19582300
7,2019-04-01,54.48,55.02,54.389999,54.98,19741700
7,2019-04-02,55,55.41,54.970001,55.290001,17264000
7,2019-04-03,55.459999,55.799999,55.07,55.630001,21110400
7,2019-04-04,55.369999,55.68,54.860001,55.139999,16412100
7,2019-04-05,55.25,55.610001,55.130001,55.209999,13817500
7,2019-04-08,55.200001,55.560001,54.790001,55.490002,13862800
7,2019-04-09,55.080002,55.419998,54.860001,55.18,15508400
7,2019-04-10,55.110001,55.84,55.110001,55.82,13460200
7,2019-04-11,55.93,55.950001,55.310001,55.599998,13186000
7,2019-04-12,55.93,56.360001,55.790001,56.290001,14331700
7,2019-04-15,56.400002,56.610001,56.240002,56.560001,12198400
7,2019-04-16,56.619999,57.529999,56.610001,56.950001,19718300
7,2019-04-17,57.18,57.32,56.290001,56.310001,26093600
7,2019-04-18,56.630001,56.700001,56.110001,56.400002,18332000
7,2019-04-22,56.16,56.599998,56.099998,56.34,11951500
7,2019-04-23,56.43,56.700001,56.200001,56.689999,18796600
7,2019-04-24,56.639999,57.150002,56.580002,56.880001,13212000
7,2019-04-25,56.459999,56.779999,56.009998,56.330002,15526900
7,2019-04-26,56.02,56.369999,55.68,55.880001,18010900
7,2019-04-29,55.669998,56.220001,55.549999,56.130001,16259500
7,2019-04-30,56,56.119999,55.529999,55.950001,20846000
7,2019-05-01,56,56.349998,55.509998,55.580002,17648500
7,2019-05-02,55.48,55.889999,54.82,54.939999,24220600
7,2019-05-03,54.639999,54.990002,54.18,54.939999,26887100
7,2019-05-06,53.860001,54.759998,53.560001,54.59,17025900
7,2019-05-07,53.860001,54.240002,52.939999,53.450001,25289700
7,2019-05-08,53.169998,53.939999,53.130001,53.470001,21525100
7,2019-05-09,52.82,53.209999,52.23,52.919998,24322800
7,2019-05-10,52.610001,53.549999,51.950001,53.360001,21795900
7,2019-05-13,51.830002,52.259998,51.060001,51.299999,28869900
7,2019-05-14,51.450001,52.439999,51.380001,52.02,25478300
7,2019-05-15,51.759998,52.709999,51.689999,52.439999,30577200
7,2019-05-16,54.27,56.400002,54.119999,55.93,46057800
7,2019-05-17,55.779999,56.830002,55.52,56.349998,27299300
7,2019-05-20,55.799999,56.389999,55.549999,56.009998,21004100
7,2019-05-21,56.68,56.75,56.130001,56.52,18562300
7,2019-05-22,56.220001,56.299999,55.669998,55.689999,19479200
7,2019-05-23,54.91,55.009998,53.939999,54.189999,22734200
7,2019-05-24,54.57,54.669998,54.060001,54.369999,13057600
7,2019-05-28,54.740002,55.029999,53.82,53.93,29769200
7,2019-05-29,53.549999,53.549999,52.860001,53.18,19762100
7,2019-05-30,53.439999,53.779999,53.34,53.57,12954300
7,2019-05-31,52.790001,52.880001,52.009998,52.029999,20480400
7,2019-06-03,52.049999,52.57,51.490002,51.779999,22380500
7,2019-06-04,52.48,53.639999,52.41,53.23,21689300
7,2019-06-05,53.849998,54.790001,53.75,54.75,22521900
7,2019-06-06,54.889999,55.299999,54.209999,55.099998,15927300
7,2019-06-07,55.41,56.299999,55.029999,55.93,17394900
7,2019-06-10,56.139999,56.650002,55.959999,56.419998,16871000
7,2019-06-11,56.740002,57.560001,56.73,57.110001,26723700
7,2019-06-12,56.049999,56.59,55.650002,55.860001,23183000
7,2019-06-13,55.919998,56.27,55.779999,56.169998,15785300
7,2019-06-14,55.990002,56.02,54.66,54.75,22530500
7,2019-06-17,54.990002,55.470001,54.860001,55.400002,20392600
7,2019-06-18,56.07,56.650002,55.75,56.049999,21173200
7,2019-06-19,56.040001,56.369999,55.77,56.130001,21096300
7,2019-06-20,57,57.540001,56.68,57.41,20969800
7,2019-06-21,57.41,58.150002,56.98,57.029999,57588800
7,2019-06-24,57.25,57.290001,56.689999,57.18,17794100
7,2019-06-25,57.060001,57.200001,56.009998,56.080002,25520600
7,2019-06-26,56.540001,57.049999,56.360001,56.599998,19286100
7,2019-06-27,56.939999,57.25,55.470001,55.73,23959900
7,2019-06-28,55.91,55.98,54.029999,54.73,103123400
7,2019-07-01,55.259998,55.349998,54.23,54.740002,28410000
7,2019-07-02,54.830002,55.919998,54.779999,55.810001,20307100
7,2019-07-03,55.77,56.540001,55.540001,56.48,13866800
7,2019-07-05,56,56.73,55.709999,56.599998,14273900
7,2019-07-08,56.25,56.48,55.959999,56.189999,15835100
7,2019-07-09,56.369999,56.689999,56.040001,56.34,19564000
7,2019-07-10,56.689999,57.650002,56.599998,57.130001,19362600
7,2019-07-11,57.369999,57.619999,56.919998,57.299999,15994600
7,2019-07-12,57.580002,57.990002,57.57,57.950001,13660400
7,2019-07-15,58,58.23,57.869999,58.049999,8809700
7,2019-07-16,58.130001,58.259998,57.459999,57.619999,11501100
7,2019-07-17,57.57,57.790001,57.189999,57.209999,9266900
7,2019-07-18,57.049999,57.790001,56.900002,57.740002,10287400
7,2019-07-19,57.810001,58.07,57.32,57.360001,13882400
7,2019-07-22,57.459999,58.009998,57.369999,57.73,10485600
7,2019-07-23,58.060001,58.099998,57.48,57.709999,12692200
7,2019-07-24,57.580002,57.68,57.110001,57.23,18177000
7,2019-07-25,57.360001,57.5,56.369999,56.619999,15127200
7,2019-07-26,56.68,56.84,56.369999,56.529999,15243000
7,2019-07-29,56.689999,57.150002,56.540001,56.93,12051100
7,2019-07-30,56.849998,56.900002,56.349998,56.470001,9623400
7,2019-07-31,56.330002,56.830002,54.900002,55.400002,17441200
7,2019-08-01,55.84,56.889999,55.16,55.389999,19020600
7,2019-08-02,54.220001,54.32,52.580002,53.25,29021900
7,2019-08-05,52.389999,52.540001,50.939999,51.369999,29931800
7,2019-08-06,51.950001,52.73,51.599998,52.599998,20708400
7,2019-08-07,51.830002,52.490002,51.209999,52.34,24128600
7,2019-08-08,52.790001,53.360001,52.59,53.16,26093500
7,2019-08-09,52.779999,52.869999,52.040001,52.43,17425000
7,2019-08-12,52.27,52.360001,51.34,51.540001,16388300
7,2019-08-13,51.470001,53.07,51.200001,52.720001,21499500
7,2019-08-14,52.119999,52.119999,50.130001,50.610001,28688100
7,2019-08-15,47.360001,47.939999,46,46.25,61129100
7,2019-08-16,46.419998,47.360001,46.400002,46.959999,24471800
7,2019-08-19,47.900002,48.599998,47.490002,48.5,26384800
7,2019-08-20,48.540001,48.59,47.919998,47.93,18201600
7,2019-08-21,48.5,48.93,48.360001,48.77,18365400
7,2019-08-22,49.240002,49.330002,47.939999,48.18,21515100
7,2019-08-23,47.900002,48.52,46.43,46.610001,25871100
7,2019-08-26,47.049999,47.27,46.669998,47.099998,14820100
7,2019-08-27,47.540001,47.650002,46.689999,46.790001,20859000
7,2019-08-28,46.529999,46.959999,46.240002,46.869999,11187600
7,2019-08-29,47.59,47.91,47.110001,47.27,14733400
7,2019-08-30,47.52,47.57,46.549999,46.810001,19248400
7,2019-09-03,46.630001,46.970001,46.200001,46.5,17009400
7,2019-09-04,47.02,47.41,46.889999,47.32,13691300
7,2019-09-05,48.02,48.709999,47.779999,48.419998,18434200
7,2019-09-06,48.650002,48.990002,48.27,48.84,17939100
7,2019-09-09,48.970001,49.009998,48.459999,48.580002,21175100
7,2019-09-10,48.57,49.349998,47.950001,49.209999,16119200
7,2019-09-11,49.950001,50.07,49.330002,50.029999,18656000
7,2019-09-12,50.279999,50.299999,49.41,49.93,16546700
7,2019-09-13,50.009998,50.220001,49.759998,50.029999,15867800
7,2019-09-16,49.799999,50.18,49.790001,49.959999,13025600
7,2019-09-17,49.98,50.02,49.18,49.41,16070600
7,2019-09-18,49.470001,49.740002,48.779999,49.34,12563800
7,2019-09-19,49.349998,49.919998,49.040001,49.189999,15349400
7,2019-09-20,49.290001,49.869999,48.869999,49.599998,48301300
7,2019-09-23,49.66,49.75,49.279999,49.419998,16450000
7,2019-09-24,49.75,50.200001,48.93,49.119999,26717200
7,2019-09-25,49.049999,49.77,48.580002,49.610001,14013500
7,2019-09-26,49.43,49.490002,48.259998,48.830002,20172900
7,2019-09-27,49,49.470001,48.599998,48.84,16065300
7,2019-09-30,48.950001,49.66,48.950001,49.41,14903600
7,2019-10-01,49.650002,49.869999,47.360001,47.740002,24185600
7,2019-10-02,47.349998,47.380001,46.009998,46.560001,30722400
7,2019-10-03,46.32,47.080002,45.700001,47.060001,15915500
7,2019-10-04,47.25,47.630001,46.950001,47.52,16718800
7,2019-10-07,47.470001,48.130001,47.32,47.77,14625200
7,2019-10-08,47.5,47.540001,46.349998,46.389999,23022400
7,2019-10-09,46.919998,47.169998,46.66,46.84,16768600
7,2019-10-10,46.049999,46.23,45.549999,46.150002,24698500
7,2019-10-11,46.669998,47.299999,46.459999,46.560001,25153600
7,2019-10-14,46.549999,46.549999,46,46.049999,15076900
7,2019-10-15,46.25,46.580002,46.040001,46.360001,18794400
7,2019-10-16,46.360001,46.880001,46.32,46.790001,16454200
7,2019-10-17,47.150002,47.299999,46.599998,47.029999,14352400
7,2019-10-18,47.099998,47.27,46.66,46.709999,17226200
7,2019-10-21,47.139999,47.48,46.970001,47.389999,13277700
7,2019-10-22,47.5,47.889999,47.400002,47.549999,15067100
7,2019-10-23,47.470001,47.700001,46.84,47.049999,15647100
7,2019-10-24,47.23,47.23,46.099998,46.41,18338800
7,2019-10-25,46.540001,46.990002,46.459999,46.900002,15701200
7,2019-10-28,47.150002,47.599998,47.060001,47.169998,13859700
7,2019-10-29,47,47.43,46.91,47.240002,13713900
7,2019-10-30,47.299999,47.580002,47.16,47.560001,12062000
7,2019-10-31,47.599998,47.650002,47.099998,47.509998,12488300
7,2019-11-01,46.849998,47.490002,46.639999,47.029999,24404100
7,2019-11-04,47.5,47.880001,47.32,47.48,15018900
7,2019-11-05,47.59,47.919998,47.259998,47.759998,18988900
7,2019-11-06,47.810001,48.5,47.790001,48.27,15904500
7,2019-11-07,48.610001,48.98,48.200001,48.419998,16717800
7,2019-11-08,48.419998,48.849998,48.049999,48.830002,14407000
7,2019-11-11,48.009998,48.470001,47.560001,48.099998,19590400
7,2019-11-12,48.290001,48.740002,48.119999,48.369999,15632900
7,2019-11-13,48.240002,48.849998,48.150002,48.459999,25187000
7,2019-11-14,45.560001,46,44.599998,44.91,65568900
7,2019-11-15,45.07,45.650002,44.810001,45.09,32385000
7,2019-11-18,44.98,45.189999,44.439999,45.150002,22742800
7,2019-11-19,45.389999,45.599998,45.080002,45.470001,19612600
7,2019-11-20,45.689999,45.740002,44.93,45.080002,18660800
7,2019-11-21,45.130001,45.150002,44.689999,44.84,19868800
7,2019-11-22,45.150002,45.169998,44.689999,44.849998,18725700
7,2019-11-25,45,45.549999,44.93,45.450001,19653300
7,2019-11-26,45.529999,45.77,45.25,45.310001,29422000
7,2019-11-27,45.360001,45.419998,44.93,45.240002,14889900
7,2019-11-29,45.240002,45.540001,45.150002,45.310001,9808900
7,2019-12-02,45.25,45.330002,44.669998,44.700001,17630100
7,2019-12-03,44.400002,44.490002,43.740002,44.279999,19625500
7,2019-12-04,44.52,44.549999,43.860001,43.889999,17202200
7,2019-12-05,44.049999,44.099998,43.400002,43.52,22632800
7,2019-12-06,43.889999,44.060001,43.650002,43.84,16541000
7,2019-12-09,43.889999,44.369999,43.75,43.900002,17508500
7,2019-12-10,43.849998,44.18,43.799999,44.099998,21862400
7,2019-12-11,44.360001,44.450001,44.150002,44.279999,16440500
7,2019-12-12,44.549999,45.77,44.41,45.669998,27061600
7,2019-12-13,45.91,46.049999,45.200001,45.299999,21796900
7,2019-12-16,45.799999,46.59,45.799999,45.98,21871300
7,2019-12-17,46.220001,46.52,45.93,46.439999,22510000
7,2019-12-18,46.52,46.759998,46.25,46.639999,21921200
7,2019-12-19,47.150002,47.990002,47.110001,47.880001,30764700
7,2019-12-20,48.25,48.369999,47.419998,47.450001,52575300
7,2019-12-23,47.549999,48.299999,47.419998,48.099998,20253500
7,2019-12-24,48.16,48.25,47.650002,47.779999,7044700
7,2019-12-26,47.779999,48,47.650002,47.849998,11091700
7,2019-12-27,47.990002,48.02,47.68,47.77,11056800
7,2019-12-30,47.75,47.880001,47.290001,47.59,12128600
7,2019-12-31,47.540001,47.98,47.41,47.959999,14892600
7,2020-01-02,48.060001,48.419998,47.880001,48.419998,16708100
7,2020-01-03,47.91,48.139999,47.48,47.630001,15577400
7,2020-01-06,47.139999,47.82,47.009998,47.799999,22183600
7,2020-01-07,47.720001,47.720001,47.099998,47.490002,16501900
7,2020-01-08,46.970001,47.790001,46.810001,47.52,25175900
7,2020-01-09,47.790001,47.880001,47.07,47.32,18203600
7,2020-01-10,47.48,47.560001,47.060001,47.130001,13502600
7,2020-01-13,47.310001,47.98,47.299999,47.970001,18237400
7,2020-01-14,47.959999,47.990002,47.619999,47.790001,17948700
7,2020-01-15,47.919998,48.400002,47.759998,48.009998,16289400
7,2020-01-16,48.380001,49.080002,48.23,49.049999,20094900
7,2020-01-17,49.310001,49.540001,48.869999,49.02,27176200
7,2020-01-21,48.959999,49.200001,48.669998,48.799999,21771800
7,2020-01-22,49.279999,49.529999,49.040001,49.07,15186000
7,2020-01-23,49,49.18,48.41,49,16767700
7,2020-01-24,49.220001,49.48,48.540001,48.849998,14066700
7,2020-01-27,47.889999,48.07,47.27,47.470001,20666000
7,2020-01-28,47.52,47.970001,47.5,47.77,14035100
7,2020-01-29,47.970001,47.98,46.93,47.049999,14273600
7,2020-01-30,46.540001,47.27,46.259998,47.240002,14822600
7,2020-01-31,46.990002,47,45.84,45.970001,20069900
7,2020-02-03,46.400002,46.830002,46.209999,46.529999,15374900
7,2020-02-04,47.220001,47.709999,47.110001,47.619999,13947300
7,2020-02-05,48.330002,48.599998,48.150002,48.450001,17042300
7,2020-02-06,48.689999,48.82,48.220001,48.689999,9814800
7,2020-02-07,48.599998,48.77,47.869999,47.970001,16807500
7,2020-02-10,47.990002,48.889999,47.880001,48.869999,19012700
7,2020-02-11,49.389999,49.709999,48.860001,49.130001,23168300
7,2020-02-12,49.43,50.279999,49.400002,49.93,31686200
7,2020-02-13,47.150002,47.669998,46.580002,47.32,47044700
7,2020-02-14,47.16,47.220001,46.48,46.970001,26747200
7,2020-02-18,46.82,46.849998,46.290001,46.59,18546300
7,2020-02-19,46.689999,46.810001,45.900002,46.290001,27626400
7,2020-02-20,46.09,46.959999,45.900002,46.849998,20416700
7,2020-02-21,46.73,46.849998,46.049999,46.299999,20028700
7,2020-02-24,45,45.68,44,44,35295900
7,2020-02-25,44.049999,44.209999,42.07,42.740002,48024700
7,2020-02-26,42.970001,43.380001,41.939999,42.16,38513200
7,2020-02-27,41.279999,42.099998,40.009998,40.040001,51442900
7,2020-02-28,38.700001,40.549999,38.349998,39.93,80188000
7,2020-03-02,40.150002,41.189999,38.919998,41.169998,48864300
7,2020-03-03,41.259998,41.900002,39.709999,40.040001,49294700
7,2020-03-04,40.720001,41.450001,39.799999,41.389999,30022100
7,2020-03-05,40.169998,40.509998,39.290001,39.57,30255900
7,2020-03-06,38,39.950001,37.799999,39.68,48605600
7,2020-03-09,36.900002,39.560001,36.290001,37.959999,61535300
7,2020-03-10,39.25,40.150002,37.869999,40.080002,50536500
7,2020-03-11,39.02,39.16,36.369999,37.049999,63594300
7,2020-03-12,34.5,35.82,33,33.200001,51855300
7,2020-03-13,35.18,37.68,33.330002,37.639999,53859600
7,2020-03-16,33.23,36.990002,32.400002,33.709999,44211300
7,2020-03-17,34.700001,36.25,33.599998,35.5,41572400
7,2020-03-18,33.759998,37.709999,33.310001,37.119999,56904300
7,2020-03-19,37.049999,39.32,36.150002,37.709999,58319700
7,2020-03-20,38.27,38.470001,35.400002,35.599998,48582500
7,2020-03-23,35.509998,35.82,33.740002,34.599998,39823400
7,2020-03-24,36.41,38.68,35.540001,38.599998,48235600
7,2020-03-25,38.650002,39.950001,37.5,37.669998,42873900
7,2020-03-26,37.970001,40.919998,37.369999,40.580002,38473300
7,2020-03-27,39.209999,40.150002,38.41,38.82,31278600
7,2020-03-30,39.450001,40.490002,38.959999,40.32,27120300
7,2020-03-31,40.130001,40.419998,39.110001,39.310001,26014200
7,2020-04-01,38.169998,38.860001,37.869999,38.330002,26790700
7,2020-04-02,37.84,39.950001,37.470001,39.799999,28180500
7,2020-04-03,39.82,40.290001,38.540001,39.060001,21235200
7,2020-04-06,40.459999,41.68,39.779999,41.43,31641400
7,2020-04-07,42.66,42.740002,40.59,40.639999,30366100
7,2020-04-08,41.169998,42.200001,40.869999,41.740002,22683500
7,2020-04-09,42.09,42.200001,40.849998,41.200001,27643900
7,2020-04-13,41.040001,41.459999,40.529999,41.220001,19592000
7,2020-04-14,41.91,42.82,41.529999,42.779999,22882400
7,2020-04-15,42.200001,42.369999,41.23,41.52,18428800
7,2020-04-16,41.759998,41.790001,40.68,41.5,26178000
7,2020-04-17,42.25,42.639999,41.740002,42.48,30701500
7,2020-04-20,41.919998,43.290001,41.790001,42.540001,23438800
7,2020-04-21,41.830002,41.990002,40.41,40.549999,31661000
7,2020-04-22,41.27,42.09,41.110001,41.759998,18330700
7,2020-04-23,41.889999,42.549999,41.529999,41.619999,16100200
7,2020-04-24,41.84,42.66,41.650002,42.52,14639200
7,2020-04-27,42.700001,43.220001,42.580002,43.060001,17937900
7,2020-04-28,43.5,43.630001,42.41,42.490002,16427700
7,2020-04-29,43.349998,43.48,42.93,43.34,17430100
7,2020-04-30,43.169998,43.169998,42.169998,42.380001,26679900
7,2020-05-01,41.720001,41.810001,40.77,40.919998,22095300
7,2020-05-04,40.950001,41.41,40.490002,41.349998,15997700
7,2020-05-05,41.610001,41.93,41.389999,41.459999,15060200
7,2020-05-06,41.560001,41.689999,40.970001,41.150002,16040300
7,2020-05-07,41.59,41.77,41.220001,41.369999,20173600
7,2020-05-08,42.02,43.02,41.700001,42.990002,21959100
7,2020-05-11,42.779999,43.650002,42.610001,43.32,26182700
7,2020-05-12,43.939999,44.299999,43.189999,43.220001,25817100
7,2020-05-13,43.41,43.57,41.310001,41.950001,36986700
7,2020-05-14,43.43,44.580002,43.259998,43.849998,50417700
7,2020-05-15,42.93,44.380001,42.849998,44.27,30573000
7,2020-05-18,45.209999,45.299999,44.330002,45.060001,26966500
7,2020-05-19,44.830002,44.98,44.41,44.610001,24345400
7,2020-05-20,45.049999,45.82,45.029999,45.439999,20184500
7,2020-05-21,45.450001,45.66,44.560001,44.639999,18674900
7,2020-05-22,44.669998,44.950001,44.119999,44.900002,12592800
7,2020-05-26,45.779999,45.799999,44.68,44.84,21776900
7,2020-05-27,45.040001,45.98,44.799999,45.959999,22157200
7,2020-05-28,45.900002,46.459999,45.369999,45.599998,20013000
7,2020-05-29,46.040001,47.82,45.41,47.82,43553600
7,2020-06-01,47.150002,47.290001,46.23,46.299999,18712400
7,2020-06-02,46.400002,46.900002,45.880001,46.889999,17285900
7,2020-06-03,46.98,47.200001,46.540001,46.939999,17492000
7,2020-06-04,46.77,47.25,46.529999,46.860001,14100700
7,2020-06-05,47.27,48.290001,47.200001,47.830002,22591100
7,2020-06-08,47.459999,48.16,47.119999,48.130001,17820900
7,2020-06-09,48.02,48.240002,47.490002,48.049999,18597300
7,2020-06-10,47.66,47.830002,47.119999,47.419998,18462400
7,2020-06-11,46.990002,47,43.639999,43.669998,35582000
7,2020-06-12,44.959999,45.860001,44.110001,45.07,26125600
7,2020-06-15,44.119999,45.759998,43.93,45.349998,21300100
7,2020-06-16,47.41,47.490002,45.91,46.48,28074600
7,2020-06-17,46.75,46.82,45.900002,46.169998,20399100
7,2020-06-18,45.790001,46.049999,45.349998,45.830002,22423500
7,2020-06-19,46.259998,46.509998,45.049999,45.32,36103200
7,2020-06-22,45.110001,45.459999,44.810001,45.16,18398600
7,2020-06-23,45.919998,46.150002,45.32,45.470001,23222400
7,2020-06-24,45.290001,45.470001,44.389999,44.75,22840100
7,2020-06-25,44.77,45.32,44.200001,45.220001,19114900
7,2020-06-26,45.119999,46.509998,44.630001,46.310001,106928300
7,2020-06-29,46.34,46.450001,45.669998,46.150002,23875400
7,2020-06-30,46.150002,47.009998,46.099998,46.639999,21888800
7,2020-07-01,46.540001,46.720001,46,46.060001,17129500
7,2020-07-02,46.07,46.220001,45.48,45.630001,19632000
7,2020-07-06,46.07,46.490002,45.869999,46.419998,16152900
7,2020-07-07,46.119999,46.290001,45.560001,45.630001,17102800
7,2020-07-08,45.59,46.07,45.32,45.810001,15020800
7,2020-07-09,46.599998,47.200001,46.220001,46.700001,26027700
7,2020-07-10,46.73,46.919998,46.240002,46.66,13775700
7,2020-07-13,46.869999,46.990002,45.779999,45.93,17965500
7,2020-07-14,45.490002,46.5,45.41,46.259998,19303500
7,2020-07-15,46.5,46.830002,45.990002,46.400002,15705000
7,2020-07-16,45.700001,45.830002,45.200001,45.779999,17709400
7,2020-07-17,46.040001,46.93,45.880001,46.75,20389700
7,2020-07-20,46.669998,47.099998,46.259998,46.970001,15966500
7,2020-07-21,47.279999,47.330002,46.849998,47.02,16044700
7,2020-07-22,47.02,47.110001,46.529999,46.900002,27218300
7,2020-07-23,46.98,47.700001,46.68,47.41,23750200
7,2020-07-24,47.490002,47.639999,46.110001,46.400002,16983600
7,2020-07-27,46.66,47.259998,46.150002,47.189999,15576000
7,2020-07-28,46.98,47.080002,46.209999,46.279999,13975300
7,2020-07-29,46.400002,46.880001,46.369999,46.709999,11618200
7,2020-07-30,46.130001,46.459999,45.380001,46.439999,15385100
7,2020-07-31,46.389999,47.110001,45.860001,47.099998,17701100
7,2020-08-03,47.139999,47.360001,46.68,47.16,14141100
7,2020-08-04,47.009998,47.669998,46.91,47.669998,12839500
7,2020-08-05,47.669998,47.73,47.049999,47.330002,13075600
7,2020-08-06,47.23,47.830002,47.099998,47.77,14190900
7,2020-08-07,47.330002,47.599998,47.029999,47.43,17054300
7,2020-08-10,47.16,48,47.16,47.73,14999200
7,2020-08-11,47.900002,48.450001,47.09,47.189999,18859600
7,2020-08-12,47.279999,48.130001,47.27,48.099998,26823700
7,2020-08-13,43.790001,43.84,42.380001,42.720001,91849500
7,2020-08-14,42.490002,42.880001,42.27,42.5,32539500
7,2020-08-17,42.549999,42.759998,41.860001,42.09,30511700
7,2020-08-18,42.130001,42.290001,41.810001,41.98,23344600
7,2020-08-19,42.099998,42.349998,41.779999,41.869999,20097400
7,2020-08-20,41.869999,42.419998,41.73,42.310001,18443900
7,2020-08-21,42.049999,42.299999,41.810001,42.25,17389600
7,2020-08-24,42.07,42.470001,42,42.18,17742900
7,2020-08-25,42.23,42.299999,41.779999,41.959999,15417400
7,2020-08-26,41.650002,42.279999,41.450001,42.25,21625800
7,2020-08-27,42.400002,42.470001,42.02,42.290001,22456800
7,2020-08-28,42.139999,42.299999,42,42.200001,16573600
7,2020-08-31,42.099998,42.349998,41.939999,42.220001,21298000
7,2020-09-01,42,42.07,41.5,42.029999,23325100
7,2020-09-02,42.040001,42.689999,42.029999,42.419998,30045700
7,2020-09-03,41.75,41.830002,40.669998,40.950001,39288100
7,2020-09-04,41.200001,41.43,40.439999,40.82,34867400
7,2020-09-08,40.049999,40.610001,39.970001,40,29101800
7,2020-09-09,40.099998,40.48,39.720001,40.130001,23351600
7,2020-09-10,40.029999,40.639999,39.419998,39.57,25108800
7,2020-09-11,39.77,40.049999,39.52,39.880001,21853000
7,2020-09-14,40.220001,40.639999,40.049999,40.369999,19866700
7,2020-09-15,40.509998,40.84,40.380001,40.599998,19024100
7,2020-09-16,40.720001,41.169998,40.389999,40.419998,24310200
7,2020-09-17,39.66,40.400002,39.509998,40.369999,22225900
7,2020-09-18,40.18,40.32,39.580002,39.810001,44450800
7,2020-09-21,39.310001,39.470001,38.689999,39.040001,28495000
7,2020-09-22,39.18,39.459999,38.880001,39.32,17656800
7,2020-09-23,39.23,39.389999,38.18,38.279999,24843200
7,2020-09-24,38,38.16,37.599998,37.849998,30910400
7,2020-09-25,37.759998,38.540001,37.619999,38.450001,22966600
7,2020-09-28,39.200001,39.290001,38.790001,39.130001,24275700
7,2020-09-29,39.07,39.380001,38.830002,39.060001,16353700
7,2020-09-30,39.09,39.700001,39.02,39.389999,27113200
7,2020-10-01,39.099998,39.310001,38.57,38.799999,20763500
7,2020-10-02,38.049999,38.549999,37.970001,38.27,24493000
7,2020-10-05,38.48,38.790001,38.279999,38.57,26929100
7,2020-10-06,38.5,39.349998,38.400002,38.57,28430800
7,2020-10-07,38.98,39.580002,38.779999,39.400002,20593700
7,2020-10-08,39.799999,40.18,39.66,39.790001,19031300
7,2020-10-09,40.150002,40.23,39.720001,39.849998,16167500
7,2020-10-12,39.93,40.529999,39.630001,40.360001,22757200
7,2020-10-13,40.540001,40.610001,39.709999,39.810001,23438300
7,2020-10-14,39.849998,40.419998,39.759998,39.889999,16439100
7,2020-10-15,39.470001,40,39.349998,39.970001,15451400
7,2020-10-16,39.880001,40.299999,39.549999,40.16,21292500
7,2020-10-19,40.150002,40.380001,39.16,39.299999,19600500
7,2020-10-20,39.439999,39.509998,39.029999,39.200001,16564900
7,2020-10-21,39.310001,39.57,38.98,39.060001,17016300
7,2020-10-22,38.849998,38.959999,38.380001,38.82,20399000
7,2020-10-23,38.93,38.970001,38.650002,38.82,15556100
7,2020-10-26,38.400002,38.43,37.150002,37.669998,29146500
7,2020-10-27,37.380001,37.5,36.59,36.869999,37911500
7,2020-10-28,36.32,36.509998,35.68,35.709999,34561500
7,2020-10-29,35.509998,36.07,35.279999,35.689999,35332000
7,2020-10-30,35.599998,35.93,35.490002,35.900002,29151200
7,2020-11-02,36.189999,36.349998,35.669998,35.900002,23483100
7,2020-11-03,36.360001,37.330002,36.299999,36.68,27342900
7,2020-11-04,37.029999,37.299999,36.5,36.57,30121900
7,2020-11-05,37.02,37.299999,36.91,37.23,23149700
7,2020-11-06,37.560001,37.599998,37.080002,37.529999,19475300
7,2020-11-09,39.919998,40.23,38.119999,38.200001,42649500
7,2020-11-10,38.209999,39.029999,38.169998,38.720001,31514500
7,2020-11-11,39.009998,39.450001,38.439999,39.330002,27332800
7,2020-11-12,38.98,39.389999,38.400002,38.669998,29368300
7,2020-11-13,41.200001,41.52,40.560001,41.400002,49106400
7,2020-11-16,41.740002,42.59,41.349998,42.540001,34572600
7,2020-11-17,41.919998,42.349998,41.619999,41.880001,23140900
7,2020-11-18,41.900002,42.240002,41.259998,41.32,21327700
7,2020-11-19,41,41.369999,40.77,41.169998,22177700
7,2020-11-20,41.049999,41.389999,40.919998,40.970001,19776300
7,2020-11-23,41.029999,41.799999,41.02,41.639999,19651400
7,2020-11-24,42.139999,42.709999,41.900002,42.610001,22849700
7,2020-11-25,42.779999,42.799999,42.209999,42.5,22617700
7,2020-11-27,42.860001,42.98,42.639999,42.700001,10769500
7,2020-11-30,42.439999,43.049999,42.41,43.02,34741600
7,2020-12-01,43.009998,44.07,43.009998,43.540001,23942500
7,2020-12-02,43.389999,43.959999,43.349998,43.889999,17422200
7,2020-12-03,43.779999,44.139999,43.599998,44.110001,27710700
7,2020-12-04,43.889999,44.509998,43.889999,44.380001,17319800
7,2020-12-07,44.290001,44.490002,43.91,44.349998,14086800
7,2020-12-08,44.209999,44.529999,43.93,44.369999,13348500
7,2020-12-09,44.470001,44.830002,44.360001,44.689999,22679800
7,2020-12-10,44.540001,44.610001,44.110001,44.32,17741500
7,2020-12-11,43.939999,44.330002,43.720001,44.32,14577700
7,2020-12-14,44.27,44.91,44.150002,44.240002,16112300
7,2020-12-15,44.389999,44.799999,44.139999,44.720001,18159400
7,2020-12-16,44.700001,45.139999,44.529999,44.720001,16192000
7,2020-12-17,44.91,44.93,44.599998,44.82,16141600
7,2020-12-18,44.900002,45.57,44.77,45.439999,41027000
7,2020-12-21,44.470001,44.959999,44.07,44.880001,19865300
7,2020-12-22,44.439999,45.07,44.439999,44.689999,16024000
7,2020-12-23,44.650002,44.799999,44.349998,44.380001,12032600
7,2020-12-24,44.450001,44.59,44.23,44.540001,5720500
7,2020-12-28,44.93,45.34,44.720001,44.919998,13458400
7,2020-12-29,44.970001,45.25,44.529999,44.639999,11829000
7,2020-12-30,44.740002,45.060001,44.439999,44.48,11043100
7,2020-12-31,44.380001,44.84,44.16,44.75,15105500
7,2021-01-04,44.310001,44.369999,43.349998,43.959999,24392500
7,2021-01-05,43.68,44.07,43.380001,43.98,17763700
7,2021-01-06,44.130001,44.869999,43.889999,44.400002,21823100
7,2021-01-07,44.200001,45.110001,44.169998,44.959999,18218800
7,2021-01-08,44.48,45.41,44.25,45.060001,20936300
7,2021-01-11,45.150002,45.950001,45.02,45.360001,25058200
7,2021-01-12,45.299999,45.93,44.959999,45.790001,20145000
7,2021-01-13,45.290001,45.970001,45.18,45.360001,19367300
7,2021-01-14,44.869999,45.599998,44.849998,45.150002,22333500
7,2021-01-15,44.959999,45.650002,44.880001,45.43,30271700
7,2021-01-19,45.330002,45.630001,44.77,45.189999,28868800
7,2021-01-20,45.330002,45.5,45.139999,45.34,16499400
7,2021-01-21,45.200001,45.240002,44.720001,45.110001,17488400
7,2021-01-22,44.75,44.889999,44.23,44.77,14643400
7,2021-01-25,45.040001,45.169998,44.709999,45.029999,16581300
7,2021-01-26,44.889999,45.349998,44.77,45.259998,13087800
7,2021-01-27,45.240002,46.459999,45.080002,45.700001,29634500
7,2021-01-28,45.91,46.27,45.299999,45.34,21166000
7,2021-01-29,44.849998,45.369999,44.48,44.580002,22608100
7,2021-02-01,44.919998,45.630001,44.66,45.400002,16776900
7,2021-02-02,45.52,45.939999,45.43,45.830002,16520900
7,2021-02-03,45.75,46.16,45.540001,45.77,13173600
7,2021-02-04,45.869999,47.32,45.77,47.25,22285700
7,2021-02-05,47.57,48.34,47.5,48.080002,25488600
7,2021-02-08,48.560001,49.34,48.560001,48.939999,25215400
7,2021-02-09,48.77,48.830002,48.41,48.5,24795000
7,2021-02-10,46.150002,47.41,45.830002,47.240002,44540900
7,2021-02-11,47.349998,47.91,47.200001,47.580002,18589900
7,2021-02-12,47.43,47.689999,46.91,47.290001,15239800
7,2021-02-16,47.259998,47.259998,46.400002,46.509998,18539000
7,2021-02-17,46.32,46.400002,45.869999,46.25,13296300
7,2021-02-18,46.389999,46.400002,45.689999,46.34,16867500
7,2021-02-19,46.540001,46.610001,45.580002,45.68,25117700
7,2021-02-22,45.290001,45.68,44.82,45.43,21435800
7,2021-02-23,45.259998,45.779999,45.099998,45.509998,19714900
7,2021-02-24,45.240002,45.799999,45.040001,45.740002,17823600
7,2021-02-25,45.59,46.240002,45.240002,45.52,21916700
7,2021-02-26,45.580002,45.779999,44.759998,44.869999,22144900
7,2021-03-01,45.220001,46.220001,45.220001,45.919998,17394100
7,2021-03-02,45.93,46.080002,45.419998,45.52,14833000
7,2021-03-03,45.43,45.529999,45,45.130001,16851100
7,2021-03-04,45.139999,45.470001,44.150002,44.560001,24653500
7,2021-03-05,45.450001,46.740002,45.27,46.25,33197600
7,2021-03-08,46.240002,48.400002,46.200001,47.509998,34824500
7,2021-03-09,47.82,48.369999,47.720001,47.889999,26512700
7,2021-03-10,48.470001,48.790001,48.189999,48.290001,19841500
7,2021-03-11,48.509998,49.080002,48.23,48.799999,21976600
7,2021-03-12,48.810001,48.990002,48.470001,48.82,15196500
7,2021-03-15,48.900002,49.439999,48.900002,49.41,15523600
7,2021-03-16,49.189999,49.740002,49.189999,49.669998,17282300
7,2021-03-17,49.610001,49.610001,48.889999,49.419998,18326900
7,2021-03-18,48.52,49.57,48.52,48.799999,18416900
7,2021-03-19,48.709999,49.220001,48.32,48.98,65366800
7,2021-03-22,48.939999,50.380001,48.939999,50.299999,28813900
7,2021-03-23,50.02,50.68,49.900002,50.009998,28328200
7,2021-03-24,49.939999,50.450001,49.619999,49.650002,26444700
7,2021-03-25,50.580002,51.400002,50.290001,50.509998,34537700
7,2021-03-26,50.599998,52.639999,50.560001,52.57,31997000
7,2021-03-29,52.400002,52.939999,52.279999,52.52,25032800
7,2021-03-30,52.110001,52.290001,51.18,51.77,22465100
7,2021-03-31,51.830002,52.049999,51.549999,51.709999,22212400
7,2021-04-01,51.75,52.07,51.349998,51.98,17896200
7,2021-04-05,51.630001,52.919998,51.630001,52.41,19860900
7,2021-04-06,51.98,52.220001,51.779999,52.029999,15126100
7,2021-04-07,52.009998,52.139999,51.580002,51.77,15783600
7,2021-04-08,51.939999,52,51.450001,51.91,15111300
7,2021-04-09,51.830002,52.150002,51.68,52.09,13135800
7,2021-04-12,52.07,52.16,51.470001,51.57,16441700
7,2021-04-13,51.639999,51.880001,51.34,51.66,13353200
7,2021-04-14,51.509998,51.68,51.139999,51.369999,15376600
7,2021-04-15,51.759998,51.939999,51.369999,51.639999,17869800
7,2021-04-16,52.450001,53.18,52.259998,52.799999,28327900
7,2021-04-19,52.529999,52.959999,52.490002,52.849998,20245600
7,2021-04-20,52.59,52.790001,51.599998,51.790001,21257500
7,2021-04-21,51.84,52.07,51.48,51.93,14015500
7,2021-04-22,51.810001,52.09,51.380001,51.5,15564800
7,2021-04-23,51.5,52.130001,51.18,51.91,14016800
7,2021-04-26,51.650002,51.77,51.5,51.639999,13778200
7,2021-04-27,51.580002,51.669998,51.349998,51.369999,13601000
7,2021-04-28,51.560001,51.77,50.919998,51.110001,14984000
7,2021-04-29,51.18,51.599998,50.98,51.459999,13916600
7,2021-04-30,51.220001,51.23,50.41,50.91,19930200
7,2021-05-03,51.209999,51.400002,50.810001,51.169998,13465900
7,2021-05-04,51.110001,51.23,50.299999,50.709999,18164800
7,2021-05-05,50.990002,51.25,50.68,51.130001,16205300
7,2021-05-06,51.07,52.709999,50.950001,52.439999,27106800
7,2021-05-07,52.48,53.68,52.220001,53.43,24146000
7,2021-05-10,53.970001,54.139999,53.16,53.16,23845600
7,2021-05-11,53.099998,53.110001,52.110001,52.830002,20220900
7,2021-05-12,52.18,52.43,51.470001,51.599998,22123300
7,2021-05-13,52.110001,52.810001,51.880001,52.490002,15864000
7,2021-05-14,52.93,53.220001,52.599998,52.900002,14789400
7,2021-05-17,52.759998,53.150002,52.68,52.939999,15731000
7,2021-05-18,52.799999,53.34,52.740002,52.93,20177200
7,2021-05-19,51.880001,52.66,51.860001,52.470001,29187900
7,2021-05-20,50.41,52.970001,50.099998,52.849998,48830800
7,2021-05-21,52.77,52.93,52.240002,52.43,24468400
7,2021-05-24,52.959999,53.77,52.790001,53.389999,21128900
7,2021-05-25,53.369999,53.580002,53.139999,53.310001,20657200
7,2021-05-26,53.349998,53.610001,52.82,52.91,18671200
7,2021-05-27,52.93,53.349998,52.580002,52.919998,56216100
7,2021-05-28,53.18,53.220001,52.84,52.900002,14863500
7,2021-06-01,52.959999,53.32,52.43,52.619999,15741700
7,2021-06-02,52.650002,52.990002,52.400002,52.959999,14529300
7,2021-06-03,52.799999,53.560001,52.619999,53.330002,17593100
7,2021-06-04,53.439999,54.169998,53.439999,54.07,11676700
7,2021-06-07,54.32,54.439999,53.790001,53.919998,14899800
7,2021-06-08,53.970001,54.389999,53.889999,54.130001,15329700
7,2021-06-09,54.18,54.419998,53.939999,54.02,14860900
7,2021-06-10,54.43,55.080002,54.27,55.029999,22183500
7,2021-06-11,55.189999,55.349998,54.540001,54.77,17134000
7,2021-06-14,54.389999,54.529999,53.529999,54.169998,15131400
7,2021-06-15,54.23,54.32,53.73,53.790001,12542600
7,2021-06-16,53.849998,53.919998,53.130001,53.470001,15477900
7,2021-06-17,53.41,53.549999,53.009998,53.130001,18288400
7,2021-06-18,52.810001,52.84,51.880001,52.07,35758300
7,2021-06-21,52.369999,53.41,52.290001,53.18,17682200
7,2021-06-22,53.299999,53.360001,52.810001,53.259998,16451200
7,2021-06-23,53.27,53.290001,52.59,52.759998,14749800
7,2021-06-24,52.939999,53.049999,52.610001,52.779999,13974300
7,2021-06-25,52.77,53.200001,52.650002,53.060001,16682700
7,2021-06-28,53.16,53.290001,52.919998,52.959999,14008700
7,2021-06-29,52.889999,53.189999,52.77,52.91,10926100
7,2021-06-30,52.950001,53.07,52.619999,53,15826400
7,2021-07-01,53.049999,53.599998,53,53.439999,15074800
7,2021-07-02,53.189999,53.619999,52.84,53.540001,15066000
7,2021-07-06,53.220001,53.360001,52.34,52.98,19394500
7,2021-07-07,53.07,53.299999,52.669998,53.259998,14411600
7,2021-07-08,53.16,53.720001,52.91,53.259998,15691800
7,2021-07-09,53.360001,53.93,53.290001,53.740002,14673400
7,2021-07-12,54.040001,54.040001,53.130001,53.23,14000600
7,2021-07-13,53.34,53.580002,53.200001,53.32,9927400
7,2021-07-14,53.5,54.200001,53.34,54.09,17113700
7,2021-07-15,53.84,53.869999,53.240002,53.650002,14952400
7,2021-07-16,53.880001,54.41,53.650002,53.700001,14144900
7,2021-07-19,53.669998,53.700001,52.73,53.060001,19925300
7,2021-07-20,53.279999,53.93,53.189999,53.580002,17250200
7,2021-07-21,53.82,53.900002,53.419998,53.880001,14068600
7,2021-07-22,53.91,54.549999,53.779999,54.540001,15729800
7,2021-07-23,54.889999,55.34,54.509998,55.23,13042500
7,2021-07-26,55.130001,55.650002,55.130001,55.470001,10097400
7,2021-07-27,55.380001,55.41,54.790001,55.279999,14738700
7,2021-07-28,55.459999,55.52,54.41,54.77,18835700
7,2021-07-29,55,55.349998,54.900002,55.07,10680200
7,2021-07-30,55.080002,55.490002,55.009998,55.369999,13438800
7,2021-08-02,55.599998,55.939999,55.259998,55.450001,12468800
7,2021-08-03,55.540001,56.419998,55.27,56.25,17357400
7,2021-08-04,56.369999,56.369999,55.470001,55.689999,11662400
7,2021-08-05,55.52,55.98,55.5,55.759998,10785200
7,2021-08-06,55.470001,55.950001,55.150002,55.59,18386100
7,2021-08-09,55.82,56.07,55.400002,55.470001,8707200
7,2021-08-10,55.5,55.669998,55.25,55.610001,10441900
7,2021-08-11,55.889999,56.009998,55.599998,55.860001,12604500
7,2021-08-12,55.849998,56.450001,55.66,56.389999,11209700
7,2021-08-13,56.389999,56.619999,56.259998,56.470001,10841700
7,2021-08-16,56.299999,56.43,55.93,56.279999,14407400
7,2021-08-17,55.869999,56.02,55.630001,56.009998,11987500
7,2021-08-18,55.790001,56.139999,55.029999,55.150002,17111700
7,2021-08-19,54.759998,57.490002,54.59,57.27,39881600
7,2021-08-20,57.25,58.34,56.849998,58.220001,21876500
7,2021-08-23,57.849998,58.700001,57.740002,58.540001,16225400
7,2021-08-24,58.490002,59.43,58.43,59.32,17658300
7,2021-08-25,59.540001,60.27,59.169998,59.349998,18069600
7,2021-08-26,59.419998,59.630001,58.990002,59.200001,13729400
7,2021-08-27,59.27,59.349998,58.860001,59.02,14795200
7,2021-08-30,58.98,59.220001,58.799999,59.130001,11798600
7,2021-08-31,59.110001,59.18,58.580002,59.02,19873900
7,2021-09-01,59.02,59.139999,58.66,59.040001,11629700
7,2021-09-02,59.349998,59.720001,59.060001,59.529999,12855700
7,2021-09-03,59.330002,59.66,59.279999,59.419998,9732200
7,2021-09-07,59.240002,59.369999,58.75,58.880001,15503600
7,2021-09-08,58.549999,58.93,58.490002,58.68,13124500
7,2021-09-09,58.450001,58.939999,58.25,58.599998,14958800
7,2021-09-10,58.75,58.950001,57.82,57.889999,13622100
7,2021-09-13,58.16,58.529999,57.73,58.099998,13553200
7,2021-09-14,58.240002,58.470001,57.66,57.869999,12810300
7,2021-09-15,57.779999,59.599998,57.060001,57.560001,37524600
7,2021-09-16,58.310001,58.82,57.130001,57.330002,24029600
7,2021-09-17,57.389999,57.450001,56.470001,56.849998,40262700
7,2021-09-20,56.380001,56.400002,55.290001,55.889999,21897000
7,2021-09-21,55.959999,56.369999,55.23,55.259998,18700600
7,2021-09-22,55.759998,56.130001,55.369999,55.52,17940600
7,2021-09-23,55.700001,56.900002,55.599998,56.689999,16262500
7,2021-09-24,56.450001,56.810001,56.220001,56.73,13156400
7,2021-09-27,56.459999,56.669998,56.049999,56.220001,13859500
7,2021-09-28,55.779999,55.990002,55.41,55.52,17803200
7,2021-09-29,55.619999,55.98,55.34,55.48,14051700
7,2021-09-30,55.799999,55.900002,54.41,54.43,18538000
7,2021-10-01,54.599998,55.41,54.040001,55.139999,18338000
7,2021-10-04,54.5,54.68,53.950001,54.23,17084100
7,2021-10-05,54.130001,55.029999,54.130001,54.689999,14135000
7,2021-10-06,54.349998,54.380001,52.98,53.939999,26339200
7,2021-10-07,54.490002,55.41,54.349998,55.02,14725500
7,2021-10-08,55.200001,55.299999,54.75,55.080002,9255500
7,2021-10-11,55.25,55.380001,54.900002,54.93,8117600
7,2021-10-12,54.990002,55.060001,54.07,54.279999,14241900
7,2021-10-13,54.32,54.75,54.080002,54.619999,13737100
7,2021-10-14,55.09,55.849998,54.98,55.650002,14455900
7,2021-10-15,55.889999,55.889999,54.959999,55.25,15202200
7,2021-10-18,55.040001,55.490002,54.57,55.189999,10989600
7,2021-10-19,55.290001,55.779999,55.029999,55.740002,13258400
7,2021-10-20,55.799999,56.23,55.799999,56.200001,11613600
7,2021-10-21,56.040001,56.119999,55.529999,55.689999,12619900
7,2021-10-22,55.549999,55.860001,54.939999,55.110001,15026600
7,2021-10-25,55.110001,55.419998,54.810001,55.139999,10218900
7,2021-10-26,55.560001,56.349998,55.400002,55.810001,15250000
7,2021-10-27,56.130001,56.720001,55.93,56.18,16279000
7,2021-10-28,56.23,56.689999,55.889999,56.240002,11209200
7,2021-10-29,56.32,56.580002,55.860001,55.970001,13550400
7,2021-11-01,55.869999,56.25,55.5,56.099998,14341400
7,2021-11-02,56.369999,57.869999,56.279999,57.619999,22097900
7,2021-11-03,57.580002,57.93,57.119999,57.650002,13219400
7,2021-11-04,57.599998,57.689999,56.560001,57.119999,18070400
7,2021-11-05,57.380001,57.799999,56.93,57.07,15637700
7,2021-11-08,57.099998,57.52,56.59,57,15045300
7,2021-11-09,57.07,57.630001,56.900002,57.439999,14459800
7,2021-11-10,57.900002,58.630001,57.689999,57.77,17876300
7,2021-11-11,57.57,57.77,56.689999,56.759998,17440700
7,2021-11-12,56.970001,57.150002,56.310001,56.82,16663600
7,2021-11-15,56.93,57.700001,56.830002,57.27,19041800
7,2021-11-16,57.240002,58.080002,56.93,57,21136900
7,2021-11-17,56.610001,57.139999,56.27,56.759998,31496300
7,2021-11-18,52.73,53.93,51.080002,53.630001,70834000
7,2021-11-19,53.549999,53.689999,52.779999,53.25,30030800
7,2021-11-22,53.349998,55.529999,53.299999,54.599998,39949300
7,2021-11-23,54.610001,55.580002,54.470001,55.299999,25653100
7,2021-11-24,55.150002,55.75,55.150002,55.540001,19328700
7,2021-11-26,54.459999,55.189999,54.459999,54.669998,16730300
7,2021-11-29,55.139999,56.189999,54.830002,55.759998,25724500
7,2021-11-30,55.580002,55.599998,54.150002,54.84,45141300
7,2021-12-01,55.529999,56.380001,54.93,55.029999,24120500
7,2021-12-02,55.150002,56.610001,55.080002,56.150002,22384700
7,2021-12-03,56.299999,56.82,55.669998,56.23,26235400
7,2021-12-06,56.700001,57.169998,56.470001,56.959999,23172800
7,2021-12-07,57.099998,58.220001,57.009998,58.080002,24254800
7,2021-12-08,58.080002,58.130001,56.630001,57.02,23631300
7,2021-12-09,57.200001,57.830002,56.93,57.549999,16480200
7,2021-12-10,57.91,59.34,57.91,59.25,19901500
7,2021-12-13,59.099998,59.509998,58.540001,58.610001,18496300
7,2021-12-14,58.34,58.529999,57.369999,57.77,19114200
7,2021-12-15,57.919998,60.029999,57.900002,59.93,27953900
7,2021-12-16,60.049999,60.759998,59.869999,60.310001,24599300
7,2021-12-17,60.27,60.799999,59.790001,60.459999,62171000
7,2021-12-20,59.669998,60.41,59.299999,60.360001,21342100
7,2021-12-21,60.439999,61.240002,60,61.029999,20761100
7,2021-12-22,60.970001,61.599998,60.619999,61.529999,17095500
7,2021-12-23,61.790001,62.900002,61.790001,62.279999,17771400
7,2021-12-27,62.41,63.470001,62.279999,63.419998,14779700
7,2021-12-28,63.419998,63.84,63.23,63.529999,12865000
7,2021-12-29,63.650002,64.290001,63.549999,63.959999,15069900
7,2021-12-30,64.040001,64.139999,63.470001,63.619999,9076700
7,2021-12-31,63.549999,63.82,63.32,63.369999,10359100
7,2022-01-03,62.900002,63.349998,62.5,63.16,17184300
7,2022-01-04,62.439999,62.810001,61.110001,61.25,29682500
7,2022-01-05,61.189999,61.639999,60.25,60.279999,30317900
7,2022-01-06,60,61.130001,59.91,60.919998,19616600
7,2022-01-07,60.869999,61.5,60.669998,61.130001,20152400
7,2022-01-10,60.869999,61.900002,60.52,61.82,24715300
7,2022-01-11,61.599998,62.43,61.439999,62.369999,22804200
7,2022-01-12,62.400002,62.82,61.919998,62.119999,13405400
7,2022-01-13,62.080002,62.150002,61.209999,61.5,14871600
7,2022-01-14,61.470001,61.5,60.939999,61.360001,18831900
7,2022-01-18,59.98,60.220001,59.490002,59.73,26545800
7,2022-01-19,58,59.490002,57.779999,58.900002,24333900
7,2022-01-20,58.990002,59.34,58.02,58.080002,17726500
7,2022-01-21,58.07,58.34,56.610001,56.68,25914000
7,2022-01-24,56.16,57,54.869999,56.900002,34180100
7,2022-01-25,56.09,56.689999,55.07,56.110001,25156400
7,2022-01-26,56.110001,56.450001,54.860001,55.330002,28632700
7,2022-01-27,55.509998,56.529999,54.400002,54.619999,25967400
7,2022-01-28,54.5,55.66,53.450001,55.610001,30976600
7,2022-01-31,55.43,55.860001,54.869999,55.669998,29925300
7,2022-02-01,55.450001,55.5,54.740002,55.369999,22438500
7,2022-02-02,55.23,56.32,55.169998,56.169998,23316700
7,2022-02-03,55.869999,56.150002,55.060001,55.200001,19260500
7,2022-02-04,54.889999,55.619999,54.389999,55.150002,19675900
7,2022-02-07,55.330002,55.529999,54.700001,55.169998,14450200
7,2022-02-08,55.060001,55.490002,54.709999,55.34,15219900
7,2022-02-09,55.82,56.380001,55.48,56.290001,19136700
7,2022-02-10,55.240002,56.029999,54.740002,54.869999,19730600
7,2022-02-11,54.869999,55.09,53.77,53.900002,20132500
7,2022-02-14,53.41,53.650002,52.700001,53.18,21868400
7,2022-02-15,53.720001,54.299999,53.639999,54.27,17678000
7,2022-02-16,54.130001,54.439999,53.389999,54.25,20388700
7,2022-02-17,55.5,57.060001,55.400002,55.77,32884700
7,2022-02-18,55.459999,57.689999,55.380001,57.209999,35626200
7,2022-02-22,56.93,57.139999,55.740002,56.299999,25188300
7,2022-02-23,56.610001,56.990002,54.369999,54.439999,22033700
7,2022-02-24,54.07,54.830002,53.209999,54.73,27739300
7,2022-02-25,54.98,56.220001,54.490002,56.040001,18963700
7,2022-02-28,55.41,56,54.75,55.77,23868700
7,2022-03-01,55.529999,55.849998,54.259998,54.619999,17799600
7,2022-03-02,54.77,56.380001,54.709999,56.150002,18660000
7,2022-03-03,56.740002,57,55.84,56.07,16794600
7,2022-03-04,55.669998,56.900002,55.25,56.509998,16729000
7,2022-03-07,56.310001,56.439999,55.52,55.59,21350900
7,2022-03-08,55.700001,55.860001,54.07,54.400002,23642400
7,2022-03-09,55.639999,56.25,55.25,55.919998,19150900
7,2022-03-10,54.400002,55.16,53.970001,54.709999,18550900
7,2022-03-11,55.290001,56.209999,54.599998,54.689999,20330300
7,2022-03-14,54.73,55.400002,54,54.299999,17977500
7,2022-03-15,54.419998,55.73,54.419998,55.599998,18829100
7,2022-03-16,55.93,56,54.599998,55.810001,21821800
7,2022-03-17,55.490002,56.299999,55.349998,56.169998,18830500
7,2022-03-18,56.029999,56.419998,55.540001,55.970001,51807200
7,2022-03-21,56.060001,56.549999,55.52,56,29174600
7,2022-03-22,56.360001,56.720001,56.09,56.169998,29287900
7,2022-03-23,55.900002,56.09,54.450001,54.48,19742100
7,2022-03-24,54.669998,54.689999,53.68,54.5,20551500
7,2022-03-25,54.610001,55.18,54.400002,54.970001,18090600
7,2022-03-28,54.799999,55.16,54.419998,55.139999,17164600
7,2022-03-29,55.669998,56.310001,55.040001,55.669998,20036500
7,2022-03-30,55.75,56.939999,55.59,56.049999,16125400
7,2022-03-31,56.040001,56.880001,55.720001,55.759998,27587700
7,2022-04-01,56.169998,56.189999,54.889999,55.66,17465100
7,2022-04-04,55.459999,56.119999,54.990002,55.869999,19629200
7,2022-04-05,55.200001,55.59,54.669998,54.919998,16063600
7,2022-04-06,54.689999,54.759998,53.84,54.369999,19644100
7,2022-04-07,54.43,54.849998,53.740002,54.630001,15739000
7,2022-04-08,54.84,54.91,54.009998,54.279999,18148200
7,2022-04-11,53.919998,53.950001,52.790001,52.880001,20992100
7,2022-04-12,51.700001,52.950001,51.48,51.82,25254200
7,2022-04-13,51.84,52.360001,51.41,52.150002,17004600
7,2022-04-14,52.080002,52.380001,51.119999,51.169998,18024800
7,2022-04-18,50.880001,51.560001,50.799999,51.110001,13990700
7,2022-04-19,51,51.939999,50.919998,51.830002,15490900
7,2022-04-20,52.220001,53.669998,52.150002,53.02,19526200
7,2022-04-21,53.34,53.830002,52.73,52.779999,17147300
7,2022-04-22,52.919998,52.959999,51.290001,51.360001,17693000
7,2022-04-25,51.450001,51.98,50.540001,51.939999,18677000
7,2022-04-26,51.880001,51.939999,50.869999,50.900002,19238300
7,2022-04-27,50.91,51.110001,49.25,49.310001,33668600
7,2022-04-28,49.529999,50.779999,49.209999,50.630001,20170700
7,2022-04-29,50.509998,50.639999,48.869999,48.98,20281400
7,2022-05-02,49.34,49.91,48.93,49.860001,22499200
7,2022-05-03,49.77,50.360001,49.529999,49.919998,15828200
7,2022-05-04,50.029999,51.66,49.669998,51.580002,23942300
7,2022-05-05,51.150002,51.209999,49.16,49.610001,24846500
7,2022-05-06,49.150002,49.84,48.849998,49.330002,21743900
7,2022-05-09,49,49.419998,48.669998,48.959999,22421200
7,2022-05-10,49.709999,50.240002,49.150002,49.549999,21741100
7,2022-05-11,49.09,49.639999,48.580002,48.650002,23872100
7,2022-05-12,48.630001,48.779999,47.470001,48.290001,25951000
7,2022-05-13,48.709999,49.630001,48.529999,49.560001,18954500
7,2022-05-16,49.66,49.66,48.880001,49,20254500
7,2022-05-17,49.68,50.720001,49.509998,50.599998,18780600
7,2022-05-18,50.470001,50.470001,48.209999,48.360001,40672700
7,2022-05-19,43.060001,43.93,41.02,41.720001,97674600
7,2022-05-20,41.860001,43,41.52,42.939999,46148700
7,2022-05-23,43.34,43.82,42.939999,43.349998,27366600
7,2022-05-24,43.400002,44.060001,42.5,43.77,30053900
7,2022-05-25,43.75,44.419998,43.189999,44,25504600
7,2022-05-26,44.049999,45.529999,44.049999,44.990002,28294700
7,2022-05-27,45.119999,45.639999,44.950001,45.619999,23882100
7,2022-05-31,45.27,45.610001,44.740002,45.049999,64821200
7,2022-06-01,45.549999,45.799999,44.77,45.23,20666000
7,2022-06-02,45.18,45.799999,44.900002,45.790001,20546800
7,2022-06-03,45.549999,45.740002,45.119999,45.25,17947000
7,2022-06-06,45.599998,46.09,45.130001,45.330002,12641900
7,2022-06-07,44.82,45.650002,44.720001,45.57,14667200
7,2022-06-08,45.450001,45.630001,44.880001,44.919998,16263800
7,2022-06-09,44.830002,45.27,44.240002,44.259998,18417700
7,2022-06-10,43.799999,43.990002,43.290001,43.490002,20262400
7,2022-06-13,43.060001,43.84,42.889999,43.240002,29050800
7,2022-06-14,43.630001,43.700001,42.57,42.91,22499100
7,2022-06-15,43.369999,44.43,43.099998,43.799999,22525100
7,2022-06-16,42.810001,43.41,42.810001,43.32,27049000
7,2022-06-17,43.360001,44,43.240002,43.389999,59678600
7,2022-06-21,43.810001,44.279999,43.700001,44.139999,23277900
7,2022-06-22,43.470001,44.119999,43.169998,43.57,19942300
7,2022-06-23,43.41,43.459999,42.720001,42.93,33801700
7,2022-06-24,43.439999,44.220001,43.240002,44.099998,30543800
7,2022-06-27,44.290001,44.290001,43.630001,43.77,22755300
7,2022-06-28,43.91,44.470001,42.990002,43.060001,20091300
7,2022-06-29,43.139999,43.259998,42.689999,42.880001,13450800
7,2022-06-30,42.369999,43.139999,42.189999,42.639999,24947900
7,2022-07-01,42.52,42.700001,41.57,42.599998,24338500
7,2022-07-05,41.52,41.970001,40.82,41.959999,24442600
7,2022-07-06,42.119999,42.93,42.009998,42.689999,17250400
7,2022-07-07,42.880001,43.360001,42.790001,43.220001,22316700
7,2022-07-08,43.029999,43.610001,42.939999,43.389999,11817000
7,2022-07-11,43.34,43.68,43.07,43.25,15245200
7,2022-07-12,43.580002,43.830002,42.66,42.860001,17385300
7,2022-07-13,41.849998,43.049999,41.799999,42.700001,16854200
7,2022-07-14,41.790001,42.470001,41.349998,42.330002,17336200
7,2022-07-15,42.5,43.130001,42.5,43.07,19897800
7,2022-07-18,43.299999,43.32,42.41,42.599998,16743800
7,2022-07-19,42.82,44.09,42.650002,44.029999,22861400
7,2022-07-20,44.080002,44.32,43.66,44.130001,15599200
7,2022-07-21,44.290001,44.689999,44.07,44.580002,15364600
7,2022-07-22,44.779999,44.919998,44.25,44.459999,14854600
7,2022-07-25,44.66,44.66,44.110001,44.34,12954700
7,2022-07-26,44.369999,44.540001,43.75,43.830002,19513000
7,2022-07-27,44.189999,44.790001,43.830002,44.639999,22349000
7,2022-07-28,44.880001,45.869999,44.709999,45.619999,17576200
7,2022-07-29,45.110001,45.490002,44.830002,45.369999,23701700
7,2022-08-01,45.060001,45.43,44.759998,45.279999,14153400
7,2022-08-02,45.52,45.700001,44.900002,44.919998,15005400
7,2022-08-03,44.900002,45.82,44.790001,45.709999,14943800
7,2022-08-04,45.900002,45.93,45.009998,45.380001,15249300
7,2022-08-05,44.91,45.07,44.540001,45.009998,19533900
7,2022-08-08,45.490002,45.52,44.860001,45.02,15465600
7,2022-08-09,45.150002,45.18,44.720001,44.919998,12826200
7,2022-08-10,45.709999,46.060001,45.43,46.02,18935400
7,2022-08-11,46.110001,46.43,45.77,45.900002,15849000
7,2022-08-12,46.09,46.610001,45.970001,46.610001,16967600
7,2022-08-15,46.389999,46.619999,46.029999,46.59,15456100
7,2022-08-16,46.57,47.009998,46.439999,46.77,21153700
7,2022-08-17,46.360001,47.099998,46.23,46.66,27975600
7,2022-08-18,49.799999,50,49.110001,49.369999,39999900
7,2022-08-19,49.009998,49.459999,48.540001,48.700001,23130400
7,2022-08-22,48.470001,48.5,47.52,47.709999,20534100
7,2022-08-23,47.59,48.040001,47.389999,47.41,13764600
7,2022-08-24,47.09,47.41,46.869999,47.07,14946500
7,2022-08-25,47.25,47.43,46.84,47.27,23039300
7,2022-08-26,47.080002,47.27,45.880001,45.889999,20309800
7,2022-08-29,45.720001,46,45.490002,45.709999,13425700
7,2022-08-30,45.75,45.869999,44.959999,45.240002,14279100
7,2022-08-31,45.779999,45.830002,44.59,44.720001,23006100
7,2022-09-01,44.57,45.34,44.400002,45.290001,16236400
7,2022-09-02,45.709999,45.919998,44.279999,44.59,14720900
7,2022-09-06,44.66,44.790001,43.98,44.470001,14366100
7,2022-09-07,44.75,45.169998,44.349998,45.02,18297400
7,2022-09-08,44.759998,45.470001,44.619999,45.369999,14231500
7,2022-09-09,45.66,45.889999,45.400002,45.77,15499300
7,2022-09-12,46.110001,46.73,45.970001,46.400002,17923000
7,2022-09-13,45.720001,45.91,44.02,44.110001,23028600
7,2022-09-14,44.040001,44.27,43.560001,43.959999,27551500
7,2022-09-15,43.810001,43.869999,43.09,43.290001,18148600
7,2022-09-16,43.110001,43.580002,42.790001,43.299999,32696100
7,2022-09-19,42.900002,43.439999,42.759998,43.299999,13667500
7,2022-09-20,43.009998,43.02,42.259998,42.580002,16813900
7,2022-09-21,42.32,42.869999,41.57,41.59,21415900
7,2022-09-22,41.34,41.549999,41.139999,41.150002,16691000
7,2022-09-23,41.25,41.25,40.119999,40.66,19067700
7,2022-09-26,40.66,41.189999,40.369999,40.580002,22694800
7,2022-09-27,41.139999,41.459999,40.23,40.52,15027900
7,2022-09-28,40.849998,41.57,40.59,41.34,23217700
7,2022-09-29,41.049999,41.099998,40.150002,40.57,19496400
7,2022-09-30,40.66,41.040001,39.959999,40,27989900
7,2022-10-03,40.669998,41.529999,40.470001,41.290001,22203600
7,2022-10-04,41.560001,42.040001,41.389999,41.82,22889400
7,2022-10-05,41.59,42.25,41.400002,41.990002,14289700
7,2022-10-06,41.650002,42.09,41.369999,41.52,18198800
7,2022-10-07,41.25,41.25,40.080002,40.27,19055400
7,2022-10-10,40.630001,40.810001,39.599998,39.889999,16628400
7,2022-10-11,39.810001,40.110001,39.27,39.580002,19386400
7,2022-10-12,39.700001,39.860001,39.25,39.27,17279900
7,2022-10-13,39.029999,40.799999,38.599998,40.610001,26328300
7,2022-10-14,40.84,40.959999,39.919998,40.200001,19571000
7,2022-10-17,41.040001,41.529999,40.950001,41.299999,27845200
7,2022-10-18,41.919998,42.220001,41.259998,41.790001,18223300
7,2022-10-19,41.630001,42.240002,41.470001,41.880001,19071700
7,2022-10-20,41.560001,42.619999,41.459999,41.709999,16830500
7,2022-10-21,41.849998,42.970001,41.810001,42.799999,25035000
7,2022-10-24,43.119999,43.73,42.900002,43.540001,18785300
7,2022-10-25,43.34,44.400002,43.200001,44.360001,19165200
7,2022-10-26,44.93,45.23,44.279999,44.380001,20051000
7,2022-10-27,44.77,45.09,44.360001,44.419998,18102500
7,2022-10-28,44.689999,45.709999,44.650002,45.639999,17978300
7,2022-10-31,45.310001,45.639999,45.060001,45.43,17793700
7,2022-11-01,45.580002,45.790001,45.060001,45.459999,12088700
7,2022-11-02,45.470001,46.209999,44.549999,44.57,15308800
7,2022-11-03,44.029999,44.150002,43.389999,43.849998,17895600
7,2022-11-04,44.5,45.080002,43.830002,44.52,19648700
7,2022-11-07,44.830002,44.98,44.41,44.549999,21383000
7,2022-11-08,44.689999,45.349998,44.18,44.610001,17503100
7,2022-11-09,44.509998,44.720001,43.889999,43.91,19311700
7,2022-11-10,45.700001,45.810001,44.650002,45.66,27190100
7,2022-11-11,45.18,45.32,43.919998,44.790001,25961800
7,2022-11-14,44.830002,45.439999,44.68,44.740002,21091300
7,2022-11-15,45.040001,45.240002,44.450001,44.900002,19318000
7,2022-11-16,44.939999,44.98,44.299999,44.389999,24939600
7,2022-11-17,46.189999,46.849998,45.16,46.59,38887800
7,2022-11-18,46.91,48.040001,46.860001,47.790001,30843200
7,2022-11-21,47.610001,48.290001,47.560001,47.619999,17049500
7,2022-11-22,48,48.419998,47.759998,48.380001,16367800
7,2022-11-23,48.400002,48.990002,48.32,48.57,12065600
7,2022-11-25,48.75,49.049999,48.349998,48.400002,8492600
7,2022-11-28,48.290001,48.470001,47.919998,48.080002,14976600
7,2022-11-29,48.25,48.41,47.84,48.279999,13779300
7,2022-11-30,48.169998,49.830002,47.959999,49.720001,29919700
7,2022-12-01,49.880001,50.459999,49.689999,49.970001,18559500
7,2022-12-02,49.23,49.84,48.919998,49.700001,12325100
7,2022-12-05,49.549999,49.639999,49.169998,49.330002,13795900
7,2022-12-06,49.439999,49.439999,48.259998,48.59,15443800
7,2022-12-07,48.400002,48.549999,48.060001,48.18,15171700
7,2022-12-08,48.66,49.200001,48.619999,48.990002,16015800
7,2022-12-09,49.099998,49.169998,48.439999,48.459999,14303200
7,2022-12-12,48.799999,49.32,48.369999,49.299999,15425300
7,2022-12-13,50.330002,50.709999,49.23,49.639999,22705900
7,2022-12-14,49.740002,50.060001,48.82,49.299999,19050400
7,2022-12-15,48.959999,49.049999,47.740002,48.150002,19372500
7,2022-12-16,47.41,48,47.080002,47.810001,66125400
7,2022-12-19,47.66,47.959999,47.139999,47.400002,17986300
7,2022-12-20,47.41,47.560001,46.790001,47.369999,15086200
7,2022-12-21,47.689999,47.959999,47.419998,47.66,15599400
7,2022-12-22,47.490002,47.490002,46.689999,47.32,23118500
7,2022-12-23,47.25,47.490002,47.009998,47.48,9554400
7,2022-12-27,47.669998,47.709999,47.220001,47.529999,12066200
7,2022-12-28,47.689999,47.77,46.98,47.07,9847400
7,2022-12-29,47.259998,47.740002,47.259998,47.5,11396500
7,2022-12-30,47.27,47.669998,46.950001,47.639999,13199800
7,2023-01-03,47.860001,48.049999,47.310001,47.939999,17718900
7,2023-01-04,48.279999,48.48,47.169998,47.549999,18339800
7,2023-01-05,47.490002,47.490002,46.759998,46.880001,17372100
7,2023-01-06,47.459999,48.59,47.279999,48.32,20823000
7,2023-01-09,48.259998,49.209999,48.220001,48.580002,13938000
7,2023-01-10,48.799999,49.209999,48.59,48.810001,12474400
7,2023-01-11,48.830002,49.23,48.700001,49.209999,12530900
7,2023-01-12,49.209999,49.43,48.849998,49,14241700
7,2023-01-13,48.560001,49.02,48.419998,48.880001,12649300
7,2023-01-17,48.919998,48.939999,47.950001,48.080002,19290800
7,2023-01-18,48.189999,48.27,46.889999,46.900002,19882200
7,2023-01-19,46.950001,47.049999,46.389999,46.459999,19118600
7,2023-01-20,46.060001,46.830002,45.669998,46.779999,21847200
7,2023-01-23,46.900002,47.869999,46.810001,47.5,15180500
7,2023-01-24,47.490002,48.02,47.060001,47.810001,14872700
7,2023-01-25,47.98,48.080002,47.23,47.98,14638700
7,2023-01-26,48.150002,48.470001,47.830002,48.34,12952700
7,2023-01-27,48.099998,48.73,47.970001,48.509998,13414800
7,2023-01-30,48.139999,48.5,48.119999,48.220001,19261900
7,2023-01-31,48.119999,48.689999,48.049999,48.669998,16821600
7,2023-02-01,48.389999,48.900002,47.509998,48.57,19639400
7,2023-02-02,48.529999,49.560001,48.360001,49.32,17883800
7,2023-02-03,49.299999,49.299999,48.509998,48.630001,17980000
7,2023-02-06,48.07,48.279999,47.52,47.57,13991600
7,2023-02-07,47.240002,48.150002,46.970001,47.84,16675200
7,2023-02-08,47.380001,47.540001,46.77,46.959999,18905500
7,2023-02-09,47.23,47.41,46.43,46.73,18598400
7,2023-02-10,46.700001,47.32,46.639999,47.259998,17397300
7,2023-02-13,47.450001,47.990002,47.389999,47.860001,19422100
7,2023-02-14,47.779999,48,47.18,47.700001,19134400
7,2023-02-15,47.5,48.52,47.330002,48.450001,27071200
7,2023-02-16,49.990002,51.740002,49.799999,50.990002,48125300
7,2023-02-17,51.330002,51.439999,50.599998,50.77,25321400
7,2023-02-21,50.709999,50.759998,49.619999,49.689999,25100500
7,2023-02-22,49.849998,49.849998,48.889999,49.310001,20301900
7,2023-02-23,49.540001,49.68,48.549999,49.209999,14066200
7,2023-02-24,48.810001,48.900002,48.169998,48.48,17251600
7,2023-02-27,48.950001,49.34,48.549999,48.73,14776400
7,2023-02-28,48.810001,48.93,48.380001,48.419998,16622400
7,2023-03-01,48.439999,48.59,48.02,48.34,13449300
7,2023-03-02,48.32,48.630001,48.119999,48.529999,18281800
7,2023-03-03,48.990002,49.360001,48.82,49.279999,15969900
7,2023-03-06,49.459999,49.810001,49.240002,49.419998,13878400
7,2023-03-07,49.57,49.759998,48.630001,48.91,17506600
7,2023-03-08,49.02,49.27,48.740002,49.110001,12055500
7,2023-03-09,49.299999,49.689999,48.709999,48.810001,12497700
7,2023-03-10,48.889999,49.169998,48.299999,48.560001,16338200
7,2023-03-13,48.529999,48.880001,48.119999,48.41,20280800
7,2023-03-14,48.68,49.259998,48.509998,49.049999,17679600
7,2023-03-15,48.369999,49.110001,48.369999,49.060001,17354900
7,2023-03-16,48.68,50.290001,48.509998,50.119999,21425100
7,2023-03-17,50.259998,50.549999,49.740002,50.189999,47642700
7,2023-03-20,50.220001,51.040001,50.009998,50.939999,22699700
7,2023-03-21,51.209999,51.330002,50.330002,50.669998,23334000
7,2023-03-22,50.740002,50.75,49.419998,49.459999,21399400
7,2023-03-23,49.560001,50.25,49.41,49.73,17775400
7,2023-03-24,49.900002,50.549999,49.5,50.509998,19438800
7,2023-03-27,50.700001,50.950001,50.48,50.540001,15857200
7,2023-03-28,50.32,50.599998,50.27,50.389999,11124300
7,2023-03-29,50.73,51.27,50.639999,51.169998,18463400
7,2023-03-30,51.580002,51.68,51.130001,51.43,11754600
7,2023-03-31,51.439999,52.349998,51.389999,52.279999,20588800
7,2023-04-03,52.060001,52.560001,51.990002,52.310001,16884600
7,2023-04-04,52.029999,52.119999,51.43,51.82,13599900
7,2023-04-05,52.07,52.290001,51.68,51.82,13797900
7,2023-04-06,50.919998,51.560001,50.73,51.27,14749000
7,2023-04-10,51.110001,51.400002,50.880001,51.330002,10177700
7,2023-04-11,51.119999,51.299999,50.52,50.619999,15957900
7,2023-04-12,50.82,50.950001,50.049999,50.110001,16100700
7,2023-04-13,50.209999,50.830002,50.09,50.799999,15451700
7,2023-04-14,50.52,50.849998,50.200001,50.540001,12360100
7,2023-04-17,50.560001,50.68,50.049999,50.279999,12042300
7,2023-04-18,50.380001,50.689999,50.07,50.310001,15203600
7,2023-04-19,49.23,49.27,47.990002,48.040001,30466700
7,2023-04-20,47.610001,47.650002,46.360001,46.580002,39769400
7,2023-04-21,46.57,47.119999,46.240002,47.029999,20861000
7,2023-04-24,47.049999,47.450001,47,47.389999,17359900
7,2023-04-25,47.369999,47.43,46.810001,47.09,20281600
7,2023-04-26,46.759998,46.849998,46.43,46.540001,22390500
7,2023-04-27,46.779999,46.799999,45.970001,46.560001,22845400
7,2023-04-28,46.689999,47.259998,46.610001,47.25,19662000
7,2023-05-01,47.200001,47.52,47.130001,47.34,13122300
7,2023-05-02,46.91,47.080002,46.060001,46.360001,20175100
7,2023-05-03,46.419998,46.549999,45.860001,45.959999,20765700
7,2023-05-04,45.77,45.93,45.560001,45.700001,17748900
7,2023-05-05,46.119999,46.360001,45.919998,46.25,14315100
7,2023-05-08,46.439999,46.52,46.09,46.34,12000000
7,2023-05-09,45.98,46.52,45.919998,46.470001,15221900
7,2023-05-10,46.700001,46.93,46.150002,46.709999,15625100
7,2023-05-11,46.830002,46.849998,46.200001,46.369999,12521900
7,2023-05-12,46.279999,46.810001,46.279999,46.709999,14094800
7,2023-05-15,46.799999,47.259998,46.560001,47.099998,13204400
7,2023-05-16,47.240002,47.330002,46.799999,46.919998,16496300
7,2023-05-17,47.150002,47.759998,47.009998,47.630001,29326000
7,2023-05-18,45.759998,48.25,45.700001,48.200001,41475700
7,2023-05-19,48.43,49.34,48.400002,49.130001,28561700
7,2023-05-22,49.110001,49.23,48.77,48.82,18667500
7,2023-05-23,48.610001,49.349998,48.599998,48.91,17645900
7,2023-05-24,48.950001,49,48.169998,48.41,15452900
7,2023-05-25,47.77,49.23,47.720001,49.029999,21717000
7,2023-05-26,49.110001,50.09,49.110001,49.860001,19825600
7,2023-05-30,49.990002,50.490002,49.740002,50.169998,19074800
7,2023-05-31,49.91,50.029999,49.610001,49.669998,51990300
7,2023-06-01,49.759998,50.09,49.259998,49.740002,17817000
7,2023-06-02,49.869999,50.25,49.73,50.02,19153700
7,2023-06-05,50.220001,50.580002,50.040001,50.209999,13964100
7,2023-06-06,49.790001,49.91,49.139999,49.810001,16029600
7,2023-06-07,49.700001,50.139999,49.650002,49.779999,15950600
7,2023-06-08,49.919998,50,49.57,49.68,13289100
7,2023-06-09,49.529999,49.970001,49.369999,49.66,12173400
7,2023-06-12,49.919998,50.509998,49.669998,50.48,15495000
7,2023-06-13,50.689999,50.939999,50.450001,50.799999,24035500
7,2023-06-14,50.799999,51.220001,50.630001,50.959999,16630700
7,2023-06-15,50.91,52.07,50.830002,51.93,22496900
7,2023-06-16,52.200001,52.41,51.93,52.07,37133300
7,2023-06-20,51.939999,52.080002,51.470001,51.549999,20138000
7,2023-06-21,51.380001,51.400002,50.82,50.849998,16939600
7,2023-06-22,50.650002,51.139999,50.43,51.119999,14993800
7,2023-06-23,50.639999,50.720001,50.09,50.330002,16540300
7,2023-06-26,50.310001,50.799999,50.18,50.209999,13032100
7,2023-06-27,50.310001,51.040001,50.25,50.860001,12981000
7,2023-06-28,50.779999,51.02,50.439999,50.869999,11387600
7,2023-06-29,50.860001,51.27,50.82,51.209999,14246000
7,2023-06-30,51.880001,52.259998,51.52,51.740002,18186300
7,2023-07-03,51.360001,51.830002,51.330002,51.82,7338300
7,2023-07-05,50.970001,51.57,50.93,51.509998,14950500
7,2023-07-06,51.07,51.189999,50.650002,51.110001,13931100
7,2023-07-07,51,51.650002,50.740002,50.990002,15579600
7,2023-07-10,51.07,51.5,51.02,51.400002,19046500
7,2023-07-11,51.57,52.150002,51.540001,52.119999,15002700
7,2023-07-12,51.560001,51.93,50.529999,50.740002,26332500
7,2023-07-13,50.689999,51.619999,50.650002,51.529999,17864800
7,2023-07-14,50.419998,50.970001,50.060001,50.380001,19564800
7,2023-07-17,50.200001,50.950001,50.139999,50.810001,16140700
7,2023-07-18,50.98,51.369999,50.849998,51.240002,16434200
7,2023-07-19,52.209999,52.439999,51.700001,52.43,21745000
7,2023-07-20,52.060001,52.869999,51.919998,52.369999,22784400
7,2023-07-21,52.75,53,52.529999,52.630001,51284200
7,2023-07-24,52.689999,53.310001,52.669998,53.110001,18390200
7,2023-07-25,53.189999,53.759998,53.110001,53.599998,16136600
7,2023-07-26,53.540001,53.650002,52.959999,53.220001,13563700
7,2023-07-27,53.599998,53.889999,52.860001,53,15795500
7,2023-07-28,52.060001,52.419998,51.77,52.09,27491300
7,2023-07-31,51.84,52.18,51.740002,52.040001,14193500
7,2023-08-01,52.57,52.779999,52.310001,52.66,15286200
7,2023-08-02,52.380001,53.110001,52.32,52.580002,17693700
7,2023-08-03,52.490002,53.27,52.240002,53.150002,15186400
7,2023-08-04,52.880001,53.32,52.540001,52.630001,12266700
7,2023-08-07,52.970001,53.07,52.68,53.009998,11327900
7,2023-08-08,52.66,53.130001,52.360001,53.060001,12224800
7,2023-08-09,52.900002,53.450001,52.66,52.990002,18765500
7,2023-08-10,53.41,54.139999,53.169998,53.369999,16329500
7,2023-08-11,53.349998,53.950001,53.189999,53.790001,14342200
7,2023-08-14,53.799999,54.130001,53.720001,53.880001,20707300
7,2023-08-15,53.619999,53.73,53.18,53.349998,20173400
7,2023-08-16,53.189999,53.52,52.869999,52.959999,26470200
7,2023-08-17,54.439999,55.84,54.369999,54.73,45278000
7,2023-08-18,54.630001,55.459999,54.619999,55.040001,28833600
7,2023-08-21,55.200001,55.790001,55.150002,55.439999,18283200
7,2023-08-22,55.48,55.82,55.279999,55.459999,15666000
7,2023-08-23,55.610001,56.200001,55.400002,55.98,18250000
7,2023-08-24,56.32,56.48,55.209999,55.240002,17586400
7,2023-08-25,55.25,55.869999,55.25,55.700001,15731800
7,2023-08-28,55.889999,56.279999,55.68,56.200001,15189900
7,2023-08-29,56.349998,56.799999,56.110001,56.560001,17859100
7,2023-08-30,56.630001,56.91,56.540001,56.810001,12145400
7,2023-08-31,57.099998,57.529999,56.889999,57.349998,22619700
7,2023-09-01,57.389999,58.189999,57.389999,57.84,14078200
7,2023-09-05,57.82,57.82,57.23,57.259998,13885000
7,2023-09-06,57.099998,57.470001,57.07,57.16,11380400
7,2023-09-07,56.970001,57.09,56.66,56.790001,14762000
7,2023-09-08,56.759998,57.07,56.560001,56.669998,13992000
7,2023-09-11,56.720001,56.970001,56.439999,56.84,15842300
7,2023-09-12,56.650002,56.860001,56.34,56.389999,13916100
7,2023-09-13,56.32,56.529999,56.080002,56.279999,13092200
7,2023-09-14,56.419998,56.470001,56.080002,56.369999,15760300
7,2023-09-15,56.310001,56.389999,55.540001,56.040001,43939000
7,2023-09-18,56.009998,56.279999,55.830002,56.110001,11825000
7,2023-09-19,56.18,56.209999,55.459999,55.84,10748500
7,2023-09-20,55.950001,56.049999,55.439999,55.5,12219900
7,2023-09-21,53.41,54.099998,52.849998,53.34,37436100
7,2023-09-22,53.400002,53.830002,53.200001,53.57,17869500
7,2023-09-25,53.459999,53.68,53.16,53.48,14224400
7,2023-09-26,53.18,53.299999,52.580002,52.709999,15618400
7,2023-09-27,52.889999,53.369999,52.529999,53.200001,15845500
7,2023-09-28,53.369999,54.189999,53.349998,53.880001,17204400
7,2023-09-29,54.16,54.200001,53.5,53.759998,13951200
7,2023-10-02,53.84,54.400002,53.810001,54.389999,13934000
7,2023-10-03,53.860001,53.889999,53.349998,53.650002,15700600
7,2023-10-04,53.66,53.849998,53.220001,53.450001,17009000
7,2023-10-05,53.400002,53.470001,52.580002,53.07,14929400
7,2023-10-06,52.990002,53.75,52.740002,53.450001,15665500
7,2023-10-09,53.349998,53.959999,53.25,53.919998,10163600
7,2023-10-10,53.959999,54.09,53.650002,53.869999,13105600
7,2023-10-11,53.93,54.130001,53.349998,53.66,12658000
7,2023-10-12,54.02,54.220001,53.509998,53.849998,11846100
7,2023-10-13,53.880001,54.119999,53.439999,53.77,14413800
7,2023-10-16,54.07,54.59,54.040001,54.16,11736600
7,2023-10-17,53.790001,53.98,53.169998,53.939999,17105900
7,2023-10-18,53.790001,54.189999,53.599998,53.77,13087300
7,2023-10-19,53.759998,53.93,53.200001,53.32,16325600
7,2023-10-20,53.389999,53.59,52.799999,52.93,23887400
7,2023-10-23,52.82,52.849998,52.16,52.200001,17760000
7,2023-10-24,52.259998,53.049999,52.060001,53.009998,14824200
7,2023-10-25,53.110001,53.369999,52.330002,52.400002,14384700
7,2023-10-26,51.869999,52.130001,51.310001,51.369999,17594500
7,2023-10-27,51.639999,52.150002,51.400002,51.560001,13333900
7,2023-10-30,51.349998,51.639999,51.09,51.57,13322400
7,2023-10-31,51.75,52.169998,51.68,52.130001,13509300
7,2023-11-01,52.040001,52.279999,51.799999,52.189999,14300700
7,2023-11-02,52.32,52.799999,52.18,52.75,17459700
7,2023-11-03,53.259998,53.450001,52.630001,53.009998,17644900
7,2023-11-06,52.970001,53.299999,52.880001,53.290001,15429600
7,2023-11-07,53.34,53.439999,52.970001,53.130001,15153100
7,2023-11-08,53.389999,53.5,52.77,53,13633800
7,2023-11-09,52.119999,52.57,51.75,52,21039400
7,2023-11-10,52.25,52.630001,51.93,52.59,17369000
7,2023-11-13,52.48,52.639999,52.09,52.23,14931600
7,2023-11-14,52.470001,53.369999,52.470001,53.169998,18331000
7,2023-11-15,53.27,53.43,53.040001,53.279999,32188200
7,2023-11-16,47.41,48.060001,46.200001,48.040001,79057800
7,2023-11-17,48.049999,48.360001,47.73,47.759998,32593700
7,2023-11-20,47.560001,48.369999,47.549999,48.27,27421000
7,2023-11-21,48.27,48.349998,47.66,47.799999,21510500
7,2023-11-22,48.080002,48.349998,47.950001,48.080002,17308400
7,2023-11-24,48.09,48.400002,48.049999,48.360001,8209500
7,2023-11-27,48.330002,48.369999,47.91,47.93,17651600
7,2023-11-28,47.950001,48.189999,47.810001,47.849998,16360900
7,2023-11-29,48.110001,48.439999,48.029999,48.049999,16700500
7,2023-11-30,48.189999,48.5,47.939999,48.380001,37165000
7,2023-12-01,48.279999,48.779999,48.02,48.470001,18740800
7,2023-12-04,48.060001,48.18,47.779999,48.049999,17812900
7,2023-12-05,47.75,47.959999,47.59,47.93,20985000
7,2023-12-06,48.07,48.209999,47.650002,47.700001,19535500
7,2023-12-07,47.91,48.360001,47.799999,48.259998,20478500
7,2023-12-08,48.279999,48.59,48.209999,48.380001,16038900
7,2023-12-11,48.939999,49.439999,48.849998,49.389999,25618900
7,2023-12-12,49.580002,49.59,49.110001,49.330002,18712200
7,2023-12-13,49.240002,49.700001,48.810001,49.689999,18689200
7,2023-12-14,50,50.009998,49.169998,49.439999,28418700
7,2023-12-15,49.490002,49.93,49.43,49.869999,58859300
7,2023-12-18,49.919998,50.299999,49.400002,50.240002,20453100
7,2023-12-19,50.369999,50.459999,49.84,50.18,17035800
7,2023-12-20,50.119999,50.330002,49.790001,49.799999,17812200
7,2023-12-21,49.93,49.98,49.380001,49.700001,18772300
7,2023-12-22,49.84,50.389999,49.84,50.09,12900700
7,2023-12-26,50.110001,50.400002,50.049999,50.279999,9721200
7,2023-12-27,50.299999,50.560001,50.279999,50.439999,10414300
7,2023-12-28,50.580002,50.630001,50.419998,50.48,8549900
7,2023-12-29,50.450001,50.59,50.220001,50.52,12491200
7,2024-01-02,50.490002,50.860001,50.25,50.509998,20242900
7,2024-01-03,50.169998,50.68,49.939999,50.509998,20303900
7,2024-01-04,50.439999,50.509998,49.990002,50.080002,18134100
7,2024-01-05,50.18,50.369999,49.869999,50.09,13988500
7,2024-01-08,49.75,50.5,49.689999,50.459999,18070300
7,2024-01-09,49.959999,50.040001,49.43,49.91,20489200
7,2024-01-10,50,50.32,49.82,50.240002,15174200
7,2024-01-11,50.450001,50.5,50.040001,50.439999,16458300
7,2024-01-12,50.5,50.82,50.299999,50.34,18785400
7,2024-01-16,50.25,50.59,50.07,50.59,17015900
7,2024-01-17,50.240002,50.43,49.91,50.299999,17370600
7,2024-01-18,50.299999,50.799999,50.279999,50.75,18487500
7,2024-01-19,50.75,51.389999,50.73,51.27,22860900
7,2024-01-22,51.549999,51.779999,51.41,51.57,20298700
7,2024-01-23,51.389999,51.82,51.299999,51.759998,15044300
7,2024-01-24,52,52,51.209999,51.310001,19458500
7,2024-01-25,51.75,52.560001,51.75,52.330002,18936600
7,2024-01-26,52.419998,52.619999,51.990002,52.139999,13160300
7,2024-01-29,51.84,52.389999,51.830002,52.290001,13492400
7,2024-01-30,52.299999,52.419998,52,52.240002,14322100
7,2024-01-31,51.849998,51.939999,50.07,50.18,29311800
7,2024-02-01,50.23,50.459999,49.82,50.18,20635700
7,2024-02-02,50.139999,50.380001,49.619999,50.18,20530400
7,2024-02-05,49.939999,50.150002,49.259998,49.509998,19602000
7,2024-02-06,50.310001,50.610001,49.790001,49.98,19265800
7,2024-02-07,50.299999,50.349998,49.459999,49.77,16794400
7,2024-02-08,49.900002,49.990002,49.549999,49.950001,19599000
7,2024-02-09,49.93,50.259998,49.630001,50.130001,24076900
7,2024-02-12,50.029999,50.200001,49.529999,49.990002,19046300
7,2024-02-13,49.619999,49.939999,49.139999,49.639999,23633700
7,2024-02-14,49.57,50.34,49.549999,50.279999,31176400
7,2024-02-15,48.259998,49.689999,48.189999,49.060001,42766500
7,2024-02-16,48.75,49.080002,48.389999,48.439999,24909400
7,2024-02-20,47.970001,48.470001,47.849998,48.279999,26402500
7,2024-02-21,48.450001,48.52,47.900002,48.48,15999200
7,2024-02-22,48.27,48.700001,48.150002,48.57,22020300
7,2024-02-23,48.619999,49.139999,48.5,48.860001,13141900
7,2024-02-26,48.849998,48.900002,48.360001,48.400002,13018700
7,2024-02-27,48.150002,48.450001,48.02,48.310001,12515400
7,2024-02-28,48.200001,48.48,48.009998,48.060001,14635100
7,2024-02-29,48.189999,48.48,48.130001,48.369999,22962500
7,2024-03-01,48.110001,48.419998,47.66,48.400002,18499900
7,2024-03-04,48.369999,49.470001,48.23,49.130001,25214500
7,2024-03-05,49.040001,49.07,48.57,48.950001,18101300
7,2024-03-06,48.98,49.41,48.970001,49.169998,20903600
7,2024-03-07,49.439999,49.48,48.830002,48.900002,21224700
7,2024-03-08,48.869999,49.779999,48.849998,49.5,19306400
7,2024-03-11,49.720001,50.299999,49.580002,50.220001,17715100
7,2024-03-12,50.540001,50.549999,49.889999,50.07,17590400
7,2024-03-13,50.029999,50.150002,49.830002,50.110001,16669900
7,2024-03-14,50.27,50.349998,49.599998,49.790001,17239400
7,2024-03-15,49.790001,49.959999,48.900002,48.93,57048600